unit_id,essay_file,sentence_id,sentence_text,sentence_with_boundry,error_span,n_annotators,annotators,gold_expression,gold_discourse,gold_meaning,expression_confidence,discourse_confidence,meaning_confidence,row_ambiguity,expr_votes_sum,disc_votes_sum,mean_votes_sum,label_signature
CHN_A2_0 - Smoking - WE_CHN_SMK0_021_A2_0.xlsx||5,CHN_A2_0 - Smoking - WE_CHN_SMK0_021_A2_0.xlsx,5,No one likes others to change their hobby.,No one likes /ERR/others to change their hobby/ERR/.,others to change their hobby,2,ST_05|ST_15,0,1,0,high,high,high,low,0,2,0,0_1_0
CHN_A2_0 - Smoking - WE_CHN_SMK0_021_A2_0.xlsx||6,CHN_A2_0 - Smoking - WE_CHN_SMK0_021_A2_0.xlsx,6,"Somebody likes to smoke, so we have no right to refuse them to have dinners at restaurants for this reason.","Somebody likes to smoke, so we have no right to /ERR/refuse them to have dinners/ERR/ at restaurants for this reason.",refuse them to have dinners,2,ST_05|ST_15,1,1,0,low,low,high,high,1,1,0,1_1_0
CHN_A2_0 - Smoking - WE_CHN_SMK0_021_A2_0.xlsx||7,CHN_A2_0 - Smoking - WE_CHN_SMK0_021_A2_0.xlsx,7,"Somebody likes to smoke, so we have no right to refuse them to have dinners at restaurants for this reason.","Somebody likes to smoke, so we have no right to refuse them to have dinners at restaurants /ERR/for this reason/ERR/.",for this reason,2,ST_05|ST_15,1,0,0,high,high,high,low,2,0,0,1_0_0
CHN_A2_0 - Smoking - WE_CHN_SMK0_021_A2_0.xlsx||8,CHN_A2_0 - Smoking - WE_CHN_SMK0_021_A2_0.xlsx,8,"For another thing, the restaurants are public places, smoking at public places is not good but we can do nothing but advising them.","For another thing, the restaurants are public places, smoking at public places is not good but we can do nothing but /ERR/advising them/ERR/.",advising them,2,ST_05|ST_15,1,1,0,low,high,high,high,1,2,0,1_1_0
CHN_A2_0 - Smoking - WE_CHN_SMK0_021_A2_0.xlsx||9,CHN_A2_0 - Smoking - WE_CHN_SMK0_021_A2_0.xlsx,9,"However, the restaurants' owners can leave a room for those smokers.","However, the restaurants' owners can /ERR/leave a room/ERR/ for those smokers.",leave a room,2,ST_05|ST_15,1,1,0,low,low,high,high,1,1,0,1_1_0
CHN_A2_0 - Smoking - WE_CHN_SMK0_021_A2_0.xlsx||10,CHN_A2_0 - Smoking - WE_CHN_SMK0_021_A2_0.xlsx,10,"When they want to smoke, they should go to that room for them.","When they want to smoke, they should go to that room /ERR/for them/ERR/.",for them,2,ST_05|ST_15,1,1,0,low,low,high,high,1,1,0,1_1_0
CHN_A2_0 - Smoking - WE_CHN_SMK0_021_A2_0.xlsx||11,CHN_A2_0 - Smoking - WE_CHN_SMK0_021_A2_0.xlsx,11,This can separate smokers from most customers and I believe more and more customers will be interested in this restaurant if you do like this.,This can separate smokers from most customers and I believe more and more customers will be interested in this restaurant if /ERR/you do like this/ERR/.,you do like this,2,ST_05|ST_15,1,1,0,high,low,high,high,2,1,0,1_1_0
CHN_A2_0 - Smoking - WE_CHN_SMK0_021_A2_0.xlsx||12,CHN_A2_0 - Smoking - WE_CHN_SMK0_021_A2_0.xlsx,12,"So by this way, both smokers and other customers are happy with this method in the restaurant.","So /ERR/by this way/ERR/, both smokers and other customers are happy with this method in the restaurant.",by this way,2,ST_05|ST_15,1,0,1,low,high,low,high,1,0,1,1_0_1
CHN_A2_0 - Smoking - WE_CHN_SMK0_021_A2_0.xlsx||13,CHN_A2_0 - Smoking - WE_CHN_SMK0_021_A2_0.xlsx,13,So it is difficult to completely ban smoking in all the restaurants in the country because we can do other things for this problem.,So it is difficult to completely ban smoking in all the restaurants in the country because we can /ERR/do other things for this problem/ERR/.,do other things for this problem,2,ST_05|ST_15,1,1,0,low,high,high,high,1,2,0,1_1_0
CHN_A2_0 - Smoking - WE_CHN_SMK0_021_A2_0.xlsx||14,CHN_A2_0 - Smoking - WE_CHN_SMK0_021_A2_0.xlsx,14,"But as we all known, smoking is an immediate threat to health; it can cause seriously cancer.","But /ERR/as we all known/ERR/, smoking is an immediate threat to health; it can cause seriously cancer.",as we all known,2,ST_05|ST_15,1,1,0,high,low,high,high,2,1,0,1_1_0
CHN_A2_0 - Smoking - WE_CHN_SMK0_021_A2_0.xlsx||15,CHN_A2_0 - Smoking - WE_CHN_SMK0_021_A2_0.xlsx,15,"But as we all known, smoking is an immediate threat to health; it can cause seriously cancer.","But as we all known, smoking is an immediate threat to health; it can cause /ERR/seriously cancer/ERR/.",seriously cancer,2,ST_05|ST_15,1,1,0,high,low,high,high,2,1,0,1_1_0
CHN_A2_0 - Smoking - WE_CHN_SMK0_022_A2_0.xlsx||1,CHN_A2_0 - Smoking - WE_CHN_SMK0_022_A2_0.xlsx,1,"For many years, smoking is a hot topic for the people all over the world.","For many years, smoking is a hot topic for /ERR/the people/ERR/ all over the world.",the people,2,ST_10|ST_20,1,1,1,high,low,low,high,2,1,1,1_1_1
CHN_A2_0 - Smoking - WE_CHN_SMK0_022_A2_0.xlsx||2,CHN_A2_0 - Smoking - WE_CHN_SMK0_022_A2_0.xlsx,2,People always say that smoking is harm to our health and we should reduce the population of smoking.,People always say that smoking is /ERR/harm to our health/ERR/ and we should reduce the population of smoking.,harm to our health,2,ST_10|ST_20,1,0,0,low,high,high,high,1,0,0,1_0_0
CHN_A2_0 - Smoking - WE_CHN_SMK0_022_A2_0.xlsx||3,CHN_A2_0 - Smoking - WE_CHN_SMK0_022_A2_0.xlsx,3,People always say that smoking is harm to our health and we should reduce the population of smoking.,People always say that smoking is harm to our health and we should reduce /ERR/the population of smoking/ERR/.,the population of smoking,2,ST_10|ST_20,0,0,1,high,high,low,high,0,0,1,0_0_1
CHN_A2_0 - Smoking - WE_CHN_SMK0_022_A2_0.xlsx||6,CHN_A2_0 - Smoking - WE_CHN_SMK0_022_A2_0.xlsx,6,"On the one hand, smoking does no good than harm to our health and restaurant is a place of eating.","On the one hand, smoking does /ERR/no good than harm/ERR/ to our health and restaurant is a place of eating.",no good than harm,2,ST_10|ST_20,0,1,0,high,high,high,low,0,2,0,0_1_0
CHN_A2_0 - Smoking - WE_CHN_SMK0_022_A2_0.xlsx||7,CHN_A2_0 - Smoking - WE_CHN_SMK0_022_A2_0.xlsx,7,"On the one hand, smoking does no good than harm to our health and restaurant is a place of eating.","On the one hand, smoking does no good than harm to our health and /ERR/restaurant is a place of eating/ERR/.",restaurant is a place of eating,2,ST_10|ST_20,0,1,0,high,low,high,high,0,1,0,0_1_0
CHN_A2_0 - Smoking - WE_CHN_SMK0_022_A2_0.xlsx||8,CHN_A2_0 - Smoking - WE_CHN_SMK0_022_A2_0.xlsx,8,"People eat and drink in the restaurant, if one people in the restaurant smoking, it will pollute the whole air of restaurant.","People eat and drink in the restaurant, if /ERR/one people/ERR/ in the restaurant smoking, it will pollute the whole air of restaurant.",one people,2,ST_10|ST_20,1,0,1,high,high,low,high,2,0,1,1_0_1
CHN_A2_0 - Smoking - WE_CHN_SMK0_022_A2_0.xlsx||9,CHN_A2_0 - Smoking - WE_CHN_SMK0_022_A2_0.xlsx,9,"People eat and drink in the restaurant, if one people in the restaurant smoking, it will pollute the whole air of restaurant.","People eat and drink in the restaurant, if one people in the restaurant /ERR/smoking/ERR/, it will pollute the whole air of restaurant.",smoking,2,ST_10|ST_20,1,0,1,high,high,low,high,2,0,1,1_0_1
CHN_A2_0 - Smoking - WE_CHN_SMK0_022_A2_0.xlsx||10,CHN_A2_0 - Smoking - WE_CHN_SMK0_022_A2_0.xlsx,10,"People eat and drink in the restaurant, if one people in the restaurant smoking, it will pollute the whole air of restaurant.","People eat and drink in the restaurant, if one people in the restaurant smoking, it will pollute the /ERR/whole air of restaurant/ERR/.",whole air of restaurant,2,ST_10|ST_20,1,1,1,high,low,low,high,2,1,1,1_1_1
CHN_A2_0 - Smoking - WE_CHN_SMK0_022_A2_0.xlsx||11,CHN_A2_0 - Smoking - WE_CHN_SMK0_022_A2_0.xlsx,11,Those people around the smokers will not have good mood to have their dinner any longer.,Those people around the smokers will not have /ERR/good mood/ERR/ to have their dinner any longer.,good mood,2,ST_10|ST_20,1,1,1,low,high,low,high,1,2,1,1_1_1
CHN_A2_0 - Smoking - WE_CHN_SMK0_022_A2_0.xlsx||12,CHN_A2_0 - Smoking - WE_CHN_SMK0_022_A2_0.xlsx,12,Some scientists say that second-hand smoke is more dangerous in many examples.,Some scientists say that second-hand smoke is more dangerous /ERR/in many examples/ERR/.,in many examples,2,ST_10|ST_20,1,1,0,low,low,high,high,1,1,0,1_1_0
CHN_A2_0 - Smoking - WE_CHN_SMK0_022_A2_0.xlsx||13,CHN_A2_0 - Smoking - WE_CHN_SMK0_022_A2_0.xlsx,13,We know people in the restaurants all want to be healthy.,We know /ERR/people in the restaurants/ERR/ all want to be healthy.,people in the restaurants,2,ST_10|ST_20,1,0,0,high,high,high,low,2,0,0,1_0_0
CHN_A2_0 - Smoking - WE_CHN_SMK0_022_A2_0.xlsx||14,CHN_A2_0 - Smoking - WE_CHN_SMK0_022_A2_0.xlsx,14,"On the other hand, smoking in the restaurant may catch the fire easily and it is dangerous for us to have a meal in the dangerous place.","On the other hand, smoking in the restaurant may /ERR/catch the fire/ERR/ easily and it is dangerous for us to have a meal in the dangerous place.",catch the fire,2,ST_10|ST_20,0,1,1,high,high,low,high,0,2,1,0_1_1
CHN_A2_0 - Smoking - WE_CHN_SMK0_022_A2_0.xlsx||15,CHN_A2_0 - Smoking - WE_CHN_SMK0_022_A2_0.xlsx,15,"On the other hand, smoking in the restaurant may catch the fire easily and it is dangerous for us to have a meal in the dangerous place.","On the other hand, smoking in the restaurant may catch the fire easily and it is dangerous for us to have a meal in the /ERR/dangerous place/ERR/.",dangerous place,2,ST_10|ST_20,1,1,1,low,low,low,high,1,1,1,1_1_1
CHN_A2_0 - Smoking - WE_CHN_SMK0_022_A2_0.xlsx||16,CHN_A2_0 - Smoking - WE_CHN_SMK0_022_A2_0.xlsx,16,I read some news in newspapers that some restaurants got fire because smokers threw cigarettes after smoking into some places in the restaurants.,I read some news in newspapers that some restaurants /ERR/got fire/ERR/ because smokers threw cigarettes after smoking into some places in the restaurants.,got fire,2,ST_10|ST_20,1,1,1,low,low,low,high,1,1,1,1_1_1
CHN_A2_0 - Smoking - WE_CHN_SMK0_022_A2_0.xlsx||17,CHN_A2_0 - Smoking - WE_CHN_SMK0_022_A2_0.xlsx,17,I read some news in newspapers that some restaurants got fire because smokers threw cigarettes after smoking into some places in the restaurants.,I read some news in newspapers that some restaurants got fire because smokers threw cigarettes after smoking into /ERR/some places in the restaurants/ERR/.,some places in the restaurants,2,ST_10|ST_20,1,0,1,low,high,low,high,1,0,1,1_0_1
CHN_A2_0 - Smoking - WE_CHN_SMK0_022_A2_0.xlsx||18,CHN_A2_0 - Smoking - WE_CHN_SMK0_022_A2_0.xlsx,18,"So, because the reasons above, smoking should be completely banned at all the restaurants in the country.","So, /ERR/because the reasons above/ERR/, smoking should be completely banned at all the restaurants in the country.",because the reasons above,2,ST_10|ST_20,1,0,0,low,high,high,high,1,0,0,1_0_0
CHN_A2_0 - Smoking - WE_CHN_SMK0_024_A2_0.xlsx||2,CHN_A2_0 - Smoking - WE_CHN_SMK0_024_A2_0.xlsx,2,This phenomenon brings great damage especially smoking in the restaurants.,This phenomenon /ERR/brings great damage/ERR/ especially smoking in the restaurants.,brings great damage,2,ST_12|ST_18,1,0,0,high,high,high,low,2,0,0,1_0_0
CHN_A2_0 - Smoking - WE_CHN_SMK0_024_A2_0.xlsx||3,CHN_A2_0 - Smoking - WE_CHN_SMK0_024_A2_0.xlsx,3,This phenomenon brings great damage especially smoking in the restaurants.,This phenomenon brings great damage especially /ERR/smoking in the restaurants/ERR/.,smoking in the restaurants,2,ST_12|ST_18,0,1,0,high,low,high,high,0,1,0,0_1_0
CHN_A2_0 - Smoking - WE_CHN_SMK0_024_A2_0.xlsx||4,CHN_A2_0 - Smoking - WE_CHN_SMK0_024_A2_0.xlsx,4,So someone think that smoking should be completely banned at all the restaurants.,So /ERR/someone think/ERR/ that smoking should be completely banned at all the restaurants.,someone think,2,ST_12|ST_18,1,1,0,low,low,high,high,1,1,0,1_1_0
CHN_A2_0 - Smoking - WE_CHN_SMK0_024_A2_0.xlsx||5,CHN_A2_0 - Smoking - WE_CHN_SMK0_024_A2_0.xlsx,5,And someone doesn't think so.,And /ERR/someone/ERR/ doesn't think so.,someone,2,ST_12|ST_18,0,1,0,high,low,high,high,0,1,0,0_1_0
CHN_A2_0 - Smoking - WE_CHN_SMK0_024_A2_0.xlsx||6,CHN_A2_0 - Smoking - WE_CHN_SMK0_024_A2_0.xlsx,6,I prefer to the former one because I have some reasons below.,I /ERR/prefer to the former one/ERR/ because I have some reasons below.,prefer to the former one,2,ST_12|ST_18,0,1,1,high,low,low,high,0,1,1,0_1_1
CHN_A2_0 - Smoking - WE_CHN_SMK0_024_A2_0.xlsx||7,CHN_A2_0 - Smoking - WE_CHN_SMK0_024_A2_0.xlsx,7,I prefer to the former one because I have some reasons below.,I prefer to the former one because I have /ERR/some reasons below/ERR/.,some reasons below,2,ST_12|ST_18,1,1,0,high,low,high,high,2,1,0,1_1_0
CHN_A2_0 - Smoking - WE_CHN_SMK0_024_A2_0.xlsx||8,CHN_A2_0 - Smoking - WE_CHN_SMK0_024_A2_0.xlsx,8,There are many reasons accounting for my idea.,There are many /ERR/reasons accounting for my idea/ERR/.,reasons accounting for my idea,2,ST_12|ST_18,1,0,0,low,high,high,high,1,0,0,1_0_0
CHN_A2_0 - Smoking - WE_CHN_SMK0_024_A2_0.xlsx||9,CHN_A2_0 - Smoking - WE_CHN_SMK0_024_A2_0.xlsx,9,"On the one hand, smoking in the restaurant will damage their health and also other people's health.","On the one hand, smoking in the restaurant will damage /ERR/their health/ERR/ and also other people's health.",their health,2,ST_12|ST_18,0,0,1,high,high,low,high,0,0,1,0_0_1
CHN_A2_0 - Smoking - WE_CHN_SMK0_024_A2_0.xlsx||11,CHN_A2_0 - Smoking - WE_CHN_SMK0_024_A2_0.xlsx,11,It is not fair for people not smoke to get diseases because they sit together with smokers in the restaurants.,It is not fair for /ERR/people not smoke/ERR/ to get diseases because they sit together with smokers in the restaurants.,people not smoke,2,ST_12|ST_18,1,1,0,low,low,high,high,1,1,0,1_1_0
CHN_A2_0 - Smoking - WE_CHN_SMK0_024_A2_0.xlsx||12,CHN_A2_0 - Smoking - WE_CHN_SMK0_024_A2_0.xlsx,12,So we must insist it.,So we must /ERR/insist it/ERR/.,insist it,2,ST_12|ST_18,1,1,0,low,low,high,high,1,1,0,1_1_0
CHN_A2_0 - Smoking - WE_CHN_SMK0_024_A2_0.xlsx||15,CHN_A2_0 - Smoking - WE_CHN_SMK0_024_A2_0.xlsx,15,The unclean environment will make people unhappy and make the bad effect of you in the restaurants.,The unclean environment will make people unhappy and /ERR/make the bad effect of you/ERR/ in the restaurants.,make the bad effect of you,2,ST_12|ST_18,1,1,0,low,low,high,high,1,1,0,1_1_0
CHN_A2_0 - Smoking - WE_CHN_SMK0_024_A2_0.xlsx||16,CHN_A2_0 - Smoking - WE_CHN_SMK0_024_A2_0.xlsx,16,So people will not like the restaurants if there are many smoking inside.,So people will not like the restaurants if there are many /ERR/smoking inside/ERR/.,smoking inside,2,ST_12|ST_18,1,0,1,low,high,low,high,1,0,1,1_0_1
CHN_A2_0 - Smoking - WE_CHN_SMK0_026_A2_0.xlsx||1,CHN_A2_0 - Smoking - WE_CHN_SMK0_026_A2_0.xlsx,1,I disagree the view that smoking should not be completely banned at all the restaurants in the country.,I disagree /ERR/the view/ERR/ that smoking should not be completely banned at all the restaurants in the country.,the view,2,ST_05|ST_09,1,1,0,high,low,high,high,2,1,0,1_1_0
CHN_A2_0 - Smoking - WE_CHN_SMK0_026_A2_0.xlsx||2,CHN_A2_0 - Smoking - WE_CHN_SMK0_026_A2_0.xlsx,2,My evidences are below.,My /ERR/evidences/ERR/ are below.,evidences,2,ST_05|ST_09,1,1,0,low,low,high,high,1,1,0,1_1_0
CHN_A2_0 - Smoking - WE_CHN_SMK0_026_A2_0.xlsx||3,CHN_A2_0 - Smoking - WE_CHN_SMK0_026_A2_0.xlsx,3,That smoking is completely banned at all the restaurants does not fit with the reality world.,That smoking is completely banned at all the restaurants does not fit with /ERR/the reality world/ERR/.,the reality world,2,ST_05|ST_09,1,1,0,high,low,high,high,2,1,0,1_1_0
CHN_A2_0 - Smoking - WE_CHN_SMK0_026_A2_0.xlsx||4,CHN_A2_0 - Smoking - WE_CHN_SMK0_026_A2_0.xlsx,4,"Because a lot of men smoke now, which smoking is completely banned at all the restaurants is impossible at the present.","Because a lot of men smoke now, /ERR/which smoking is completely banned at all the restaurants is impossible/ERR/ at the present.",which smoking is completely banned at all the restaurants is impossible,2,ST_05|ST_09,0,1,1,high,high,low,high,0,2,1,0_1_1
CHN_A2_0 - Smoking - WE_CHN_SMK0_026_A2_0.xlsx||5,CHN_A2_0 - Smoking - WE_CHN_SMK0_026_A2_0.xlsx,5,"Because a lot of men smoke now, which smoking is completely banned at all the restaurants is impossible at the present.","Because a lot of men smoke now, which smoking is completely banned at all the restaurants is impossible /ERR/at the present/ERR/.",at the present,2,ST_05|ST_09,0,1,1,high,low,low,high,0,1,1,0_1_1
CHN_A2_0 - Smoking - WE_CHN_SMK0_026_A2_0.xlsx||6,CHN_A2_0 - Smoking - WE_CHN_SMK0_026_A2_0.xlsx,6,"If smoking is banned in all the restaurants, many men maybe against that smoking is completely banned in the restaurants.","If smoking is banned in all the restaurants, many men /ERR/maybe against/ERR/ that smoking is completely banned in the restaurants.",maybe against,2,ST_05|ST_09,1,1,0,low,low,high,high,1,1,0,1_1_0
CHN_A2_0 - Smoking - WE_CHN_SMK0_026_A2_0.xlsx||7,CHN_A2_0 - Smoking - WE_CHN_SMK0_026_A2_0.xlsx,7,"If smoking is banned in all the restaurants, many men maybe against that smoking is completely banned in the restaurants.","If smoking is banned in all the restaurants, many men maybe against /ERR/that smoking is completely banned in the restaurants/ERR/.",that smoking is completely banned in the restaurants,2,ST_05|ST_09,1,0,0,low,high,high,high,1,0,0,1_0_0
CHN_A2_0 - Smoking - WE_CHN_SMK0_026_A2_0.xlsx||9,CHN_A2_0 - Smoking - WE_CHN_SMK0_026_A2_0.xlsx,9,And those smokers will not go to restaurants will bring trouble to the restaurants.,And those smokers /ERR/will not go to restaurants will bring trouble/ERR/ to the restaurants.,will not go to restaurants will bring trouble,2,ST_05|ST_09,0,1,1,high,low,low,high,0,1,1,0_1_1
CHN_A2_0 - Smoking - WE_CHN_SMK0_026_A2_0.xlsx||10,CHN_A2_0 - Smoking - WE_CHN_SMK0_026_A2_0.xlsx,10,They will have business problem.,They will have /ERR/business problem/ERR/.,business problem,2,ST_05|ST_09,1,0,0,low,high,high,high,1,0,0,1_0_0
CHN_A2_0 - Smoking - WE_CHN_SMK0_026_A2_0.xlsx||11,CHN_A2_0 - Smoking - WE_CHN_SMK0_026_A2_0.xlsx,11,"If smoking is completely banned at all the restaurants, it is harm for the interests of the restaurants.","If smoking is completely banned at all the restaurants, it is /ERR/harm for/ERR/ the interests of the restaurants.",harm for,2,ST_05|ST_09,0,1,1,high,low,low,high,0,1,1,0_1_1
CHN_A2_0 - Smoking - WE_CHN_SMK0_026_A2_0.xlsx||12,CHN_A2_0 - Smoking - WE_CHN_SMK0_026_A2_0.xlsx,12,"If smoking is completely banned at all the restaurants, it is harm for the interests of the restaurants.","If smoking is completely banned at all the restaurants, it is harm for /ERR/the interests of the restaurants/ERR/.",the interests of the restaurants,2,ST_05|ST_09,0,1,0,high,low,high,high,0,1,0,0_1_0
CHN_A2_0 - Smoking - WE_CHN_SMK0_026_A2_0.xlsx||13,CHN_A2_0 - Smoking - WE_CHN_SMK0_026_A2_0.xlsx,13,All the restaurants will give way to men's attitudes.,All the restaurants will /ERR/give way to men's attitudes/ERR/.,give way to men's attitudes,2,ST_05|ST_09,1,0,1,low,high,low,high,1,0,1,1_0_1
CHN_A2_0 - Smoking - WE_CHN_SMK0_026_A2_0.xlsx||14,CHN_A2_0 - Smoking - WE_CHN_SMK0_026_A2_0.xlsx,14,"Although smoking is not good for health of people's, men don't want to give up smoking.","Although smoking is not good for /ERR/health of people's/ERR/, men don't want to give up smoking.",health of people's,2,ST_05|ST_09,1,1,0,low,low,high,high,1,1,0,1_1_0
CHN_A2_0 - Smoking - WE_CHN_SMK0_026_A2_0.xlsx||15,CHN_A2_0 - Smoking - WE_CHN_SMK0_026_A2_0.xlsx,15,They say that smoking help them many ways.,They say that smoking /ERR/help them many ways/ERR/.,help them many ways,2,ST_05|ST_09,1,0,0,low,high,high,high,1,0,0,1_0_0
CHN_A2_0 - Smoking - WE_CHN_SMK0_026_A2_0.xlsx||16,CHN_A2_0 - Smoking - WE_CHN_SMK0_026_A2_0.xlsx,16,Some say that they fell happier by smoking and forget troubles by smoking.,Some say that they /ERR/fell happier/ERR/ by smoking and forget troubles by smoking.,fell happier,2,ST_05|ST_09,1,1,1,low,low,low,high,1,1,1,1_1_1
CHN_A2_0 - Smoking - WE_CHN_SMK0_026_A2_0.xlsx||17,CHN_A2_0 - Smoking - WE_CHN_SMK0_026_A2_0.xlsx,17,Some say that they fell happier by smoking and forget troubles by smoking.,Some say that they fell happier by smoking and /ERR/forget troubles/ERR/ by smoking.,forget troubles,2,ST_05|ST_09,1,0,0,high,high,high,low,2,0,0,1_0_0
CHN_A2_0 - Smoking - WE_CHN_SMK0_026_A2_0.xlsx||18,CHN_A2_0 - Smoking - WE_CHN_SMK0_026_A2_0.xlsx,18,"All the restaurants will allow men to smoking, for all the restaurants want to get more interests.","All the restaurants will allow men to /ERR/smoking/ERR/, for all the restaurants want to get more interests.",smoking,2,ST_05|ST_09,0,0,1,high,high,low,high,0,0,1,0_0_1
CHN_A2_0 - Smoking - WE_CHN_SMK0_026_A2_0.xlsx||19,CHN_A2_0 - Smoking - WE_CHN_SMK0_026_A2_0.xlsx,19,"All the restaurants will allow men to smoking, for all the restaurants want to get more interests.","All the restaurants will allow men to smoking, for all the restaurants want to /ERR/get more interests/ERR/.",get more interests,2,ST_05|ST_09,1,0,1,low,high,low,high,1,0,1,1_0_1
CHN_A2_0 - Smoking - WE_CHN_SMK0_026_A2_0.xlsx||20,CHN_A2_0 - Smoking - WE_CHN_SMK0_026_A2_0.xlsx,20,I think maybe we can do other something to solve smoking problem in the restaurants but not completely ban smoking in the restaurants in the country right now.,I think maybe we can do /ERR/other something/ERR/ to solve smoking problem in the restaurants but not completely ban smoking in the restaurants in the country right now.,other something,2,ST_05|ST_09,0,1,1,high,low,low,high,0,1,1,0_1_1
CHN_A2_0 - Smoking - WE_CHN_SMK0_026_A2_0.xlsx||21,CHN_A2_0 - Smoking - WE_CHN_SMK0_026_A2_0.xlsx,21,I think maybe we can do other something to solve smoking problem in the restaurants but not completely ban smoking in the restaurants in the country right now.,I think maybe we can do other something to solve /ERR/smoking problem/ERR/ in the restaurants but not completely ban smoking in the restaurants in the country right now.,smoking problem,2,ST_05|ST_09,0,0,1,high,high,low,high,0,0,1,0_0_1
CHN_A2_0 - Smoking - WE_CHN_SMK0_038_A2_0.xlsx||2,CHN_A2_0 - Smoking - WE_CHN_SMK0_038_A2_0.xlsx,2,"Generally speaking, I don't agree with the idea of topic B, which smoking should be completely banned at all the restaurants in the country.","Generally speaking, I don't agree with the idea of topic B, which /ERR/smoking should be completely banned/ERR/ at all the restaurants in the country.",smoking should be completely banned,2,ST_01|ST_04,0,1,0,high,low,high,high,0,1,0,0_1_0
CHN_A2_0 - Smoking - WE_CHN_SMK0_038_A2_0.xlsx||4,CHN_A2_0 - Smoking - WE_CHN_SMK0_038_A2_0.xlsx,4,"Now, I like to talk about my opinions: To begin with, it is a right for people to smoking in the restaurant.","Now, I like to talk about my opinions: To begin with, it is /ERR/a right for people to smoking/ERR/ in the restaurant.",a right for people to smoking,2,ST_01|ST_04,1,1,0,high,low,high,high,2,1,0,1_1_0
CHN_A2_0 - Smoking - WE_CHN_SMK0_038_A2_0.xlsx||5,CHN_A2_0 - Smoking - WE_CHN_SMK0_038_A2_0.xlsx,5,"Restaurants are public place for all customers, so everyone has no qualification to limit it.","Restaurants are /ERR/public place/ERR/ for all customers, so everyone has no qualification to limit it.",public place,2,ST_01|ST_04,1,1,0,low,low,high,high,1,1,0,1_1_0
CHN_A2_0 - Smoking - WE_CHN_SMK0_038_A2_0.xlsx||6,CHN_A2_0 - Smoking - WE_CHN_SMK0_038_A2_0.xlsx,6,"Restaurants are public place for all customers, so everyone has no qualification to limit it.","Restaurants are public place for all customers, so everyone has /ERR/no qualification/ERR/ to limit it.",no qualification,2,ST_01|ST_04,1,1,0,low,low,high,high,1,1,0,1_1_0
CHN_A2_0 - Smoking - WE_CHN_SMK0_038_A2_0.xlsx||7,CHN_A2_0 - Smoking - WE_CHN_SMK0_038_A2_0.xlsx,7,"What's more, people should observe the law, and cannot do the thing what they want to do.","What's more, people should observe the law, and cannot /ERR/do the thing what they want to do/ERR/.",do the thing what they want to do,2,ST_01|ST_04,1,1,1,high,high,low,high,2,2,1,1_1_1
CHN_A2_0 - Smoking - WE_CHN_SMK0_038_A2_0.xlsx||8,CHN_A2_0 - Smoking - WE_CHN_SMK0_038_A2_0.xlsx,8,"In the next place, we can build a smoking room, for those people who are already addicted to smoke.","/ERR/In the next place/ERR/, we can build a smoking room, for those people who are already addicted to smoke.",In the next place,2,ST_01|ST_04,1,1,0,low,low,high,high,1,1,0,1_1_0
CHN_A2_0 - Smoking - WE_CHN_SMK0_038_A2_0.xlsx||9,CHN_A2_0 - Smoking - WE_CHN_SMK0_038_A2_0.xlsx,9,"In the next place, we can build a smoking room, for those people who are already addicted to smoke.","In the next place, we can build /ERR/a smoking room/ERR/, for those people who are already addicted to smoke.",a smoking room,2,ST_01|ST_04,1,0,0,low,high,high,high,1,0,0,1_0_0
CHN_A2_0 - Smoking - WE_CHN_SMK0_038_A2_0.xlsx||10,CHN_A2_0 - Smoking - WE_CHN_SMK0_038_A2_0.xlsx,10,"In this way, protect smokers' personal right.","In this way, /ERR/protect smokers' personal right/ERR/.",protect smokers' personal right,2,ST_01|ST_04,0,1,0,high,high,high,low,0,2,0,0_1_0
CHN_A2_0 - Smoking - WE_CHN_SMK0_038_A2_0.xlsx||12,CHN_A2_0 - Smoking - WE_CHN_SMK0_038_A2_0.xlsx,12,"Then, the quantity of cigarette sold will be decrease, thus it will affect the economy of society immediately.","Then, the /ERR/quantity of cigarette sold/ERR/ will be decrease, thus it will affect the economy of society immediately.",quantity of cigarette sold,2,ST_01|ST_04,1,1,0,high,low,high,high,2,1,0,1_1_0
CHN_A2_0 - Smoking - WE_CHN_SMK0_038_A2_0.xlsx||13,CHN_A2_0 - Smoking - WE_CHN_SMK0_038_A2_0.xlsx,13,"Then, the quantity of cigarette sold will be decrease, thus it will affect the economy of society immediately.","Then, the quantity of cigarette sold will /ERR/be decrease/ERR/, thus it will affect the economy of society immediately.",be decrease,2,ST_01|ST_04,1,1,0,low,low,high,high,1,1,0,1_1_0
CHN_A2_0 - Smoking - WE_CHN_SMK0_038_A2_0.xlsx||14,CHN_A2_0 - Smoking - WE_CHN_SMK0_038_A2_0.xlsx,14,"Then, the quantity of cigarette sold will be decrease, thus it will affect the economy of society immediately.","Then, the quantity of cigarette sold will be decrease, thus it will affect /ERR/the economy of society/ERR/ immediately.",the economy of society,2,ST_01|ST_04,1,1,0,high,low,high,high,2,1,0,1_1_0
CHN_A2_0 - Smoking - WE_CHN_SMK0_038_A2_0.xlsx||15,CHN_A2_0 - Smoking - WE_CHN_SMK0_038_A2_0.xlsx,15,"On the other hand, The last point, this ban will not only arise smokers' negative mood, but also lead to social trend.","On the other hand, /ERR/The last point/ERR/, this ban will not only arise smokers' negative mood, but also lead to social trend.",The last point,2,ST_01|ST_04,1,0,1,high,high,low,high,2,0,1,1_0_1
CHN_A2_0 - Smoking - WE_CHN_SMK0_038_A2_0.xlsx||16,CHN_A2_0 - Smoking - WE_CHN_SMK0_038_A2_0.xlsx,16,"On the other hand, The last point, this ban will not only arise smokers' negative mood, but also lead to social trend.","On the other hand, The last point, this ban will not only /ERR/arise smokers' negative mood/ERR/, but also lead to social trend.",arise smokers' negative mood,2,ST_01|ST_04,1,1,0,high,low,high,high,2,1,0,1_1_0
CHN_A2_0 - Smoking - WE_CHN_SMK0_038_A2_0.xlsx||17,CHN_A2_0 - Smoking - WE_CHN_SMK0_038_A2_0.xlsx,17,"On the other hand, The last point, this ban will not only arise smokers' negative mood, but also lead to social trend.","On the other hand, The last point, this ban will not only arise smokers' negative mood, but also /ERR/lead to social trend/ERR/.",lead to social trend,2,ST_01|ST_04,1,1,1,low,high,low,high,1,2,1,1_1_1
CHN_A2_0 - Smoking - WE_CHN_SMK0_038_A2_0.xlsx||18,CHN_A2_0 - Smoking - WE_CHN_SMK0_038_A2_0.xlsx,18,Some smokers think that smoking can help them solve difficult problems and relax their thought.,Some smokers think that smoking can help them solve difficult problems and relax /ERR/their thought/ERR/.,their thought,2,ST_01|ST_04,1,0,1,low,high,low,high,1,0,1,1_0_1
CHN_A2_0 - Smoking - WE_CHN_SMK0_038_A2_0.xlsx||19,CHN_A2_0 - Smoking - WE_CHN_SMK0_038_A2_0.xlsx,19,"In the end, to draw a conclusion above, I strongly believe that smoking shouldn't be banned at all the restaurants in the country.","In the end, /ERR/to draw a conclusion above/ERR/, I strongly believe that smoking shouldn't be banned at all the restaurants in the country.",to draw a conclusion above,2,ST_01|ST_04,0,1,1,high,high,high,low,0,2,2,0_1_1
CHN_A2_0 - Smoking - WE_CHN_SMK0_038_A2_0.xlsx||20,CHN_A2_0 - Smoking - WE_CHN_SMK0_038_A2_0.xlsx,20,We can take some other ways to solve the problem of smoking in the restaurants.,We can /ERR/take some other ways/ERR/ to solve the problem of smoking in the restaurants.,take some other ways,2,ST_01|ST_04,1,1,1,low,low,low,high,1,1,1,1_1_1
CHN_B1_1 - Smoking - WE_CHN_SMK0_002_B1_1.xlsx||2,CHN_B1_1 - Smoking - WE_CHN_SMK0_002_B1_1.xlsx,2,"As is well known, smoking is a killer of humans'health, which does great harm to our breath systems and finally makes our bodies weak.","As is well known, smoking is /ERR/a killer of humans'health/ERR/, which does great harm to our breath systems and finally makes our bodies weak.",a killer of humans'health,2,ST_13|ST_19,1,1,1,low,low,low,high,1,1,1,1_1_1
CHN_B1_1 - Smoking - WE_CHN_SMK0_002_B1_1.xlsx||3,CHN_B1_1 - Smoking - WE_CHN_SMK0_002_B1_1.xlsx,3,"As is well known, smoking is a killer of humans'health, which does great harm to our breath systems and finally makes our bodies weak.","As is well known, smoking is a killer of humans'health, which does great harm to our /ERR/breath systems/ERR/ and finally makes our bodies weak.",breath systems,2,ST_13|ST_19,1,0,1,high,high,low,high,2,0,1,1_0_1
CHN_B1_1 - Smoking - WE_CHN_SMK0_002_B1_1.xlsx||4,CHN_B1_1 - Smoking - WE_CHN_SMK0_002_B1_1.xlsx,4,"And what makes matters worse; most healthy people dislike the smell of smoking, which is not only the matter the citizens care about but also the matter that affects the whole impression of the place.","And what makes matters worse; most healthy people dislike the /ERR/smell of smoking/ERR/, which is not only the matter the citizens care about but also the matter that affects the whole impression of the place.",smell of smoking,2,ST_13|ST_19,1,0,1,low,high,low,high,1,0,1,1_0_1
CHN_B1_1 - Smoking - WE_CHN_SMK0_002_B1_1.xlsx||5,CHN_B1_1 - Smoking - WE_CHN_SMK0_002_B1_1.xlsx,5,"And what makes matters worse; most healthy people dislike the smell of smoking, which is not only the matter the citizens care about but also the matter that affects the whole impression of the place.","And what makes matters worse; most healthy people dislike the smell of smoking, which is not only /ERR/the matter the citizens care about/ERR/ but also the matter that affects the whole impression of the place.",the matter the citizens care about,2,ST_13|ST_19,1,1,1,low,low,low,high,1,1,1,1_1_1
CHN_B1_1 - Smoking - WE_CHN_SMK0_002_B1_1.xlsx||6,CHN_B1_1 - Smoking - WE_CHN_SMK0_002_B1_1.xlsx,6,"And what makes matters worse; most healthy people dislike the smell of smoking, which is not only the matter the citizens care about but also the matter that affects the whole impression of the place.","And what makes matters worse; most healthy people dislike the smell of smoking, which is not only the matter the citizens care about but also /ERR/the matter that affects the whole impression of the place/ERR/.",the matter that affects the whole impression of the place,2,ST_13|ST_19,1,1,0,low,low,high,high,1,1,0,1_1_0
CHN_B1_1 - Smoking - WE_CHN_SMK0_002_B1_1.xlsx||7,CHN_B1_1 - Smoking - WE_CHN_SMK0_002_B1_1.xlsx,7,So we could safely come to the conclusion that smoking is harmful to everyone eager for health and honor except for the factories making out the cigars and alike.,So we could safely come to the /ERR/conclusion/ERR/ that smoking is harmful to everyone eager for health and honor except for the factories making out the cigars and alike.,conclusion,2,ST_13|ST_19,1,1,1,high,low,low,high,2,1,1,1_1_1
CHN_B1_1 - Smoking - WE_CHN_SMK0_002_B1_1.xlsx||8,CHN_B1_1 - Smoking - WE_CHN_SMK0_002_B1_1.xlsx,8,So we could safely come to the conclusion that smoking is harmful to everyone eager for health and honor except for the factories making out the cigars and alike.,So we could safely come to the conclusion that smoking is harmful to everyone eager for health and honor except for the factories /ERR/making out the cigars and alike/ERR/.,making out the cigars and alike,2,ST_13|ST_19,1,1,1,high,high,high,low,2,2,2,1_1_1
CHN_B1_1 - Smoking - WE_CHN_SMK0_002_B1_1.xlsx||9,CHN_B1_1 - Smoking - WE_CHN_SMK0_002_B1_1.xlsx,9,"However, even though smoking is hateful, we'd better say that we should try to control it not to ban it, or we would be subjective.","However, even though smoking is /ERR/hateful/ERR/, we'd better say that we should try to control it not to ban it, or we would be subjective.",hateful,2,ST_13|ST_19,1,0,1,high,high,low,high,2,0,1,1_0_1
CHN_B1_1 - Smoking - WE_CHN_SMK0_002_B1_1.xlsx||10,CHN_B1_1 - Smoking - WE_CHN_SMK0_002_B1_1.xlsx,10,"However, even though smoking is hateful, we'd better say that we should try to control it not to ban it, or we would be subjective.","However, even though smoking is hateful, we'd better say that we should try to control it not to ban it, or we would be /ERR/subjective/ERR/.",subjective,2,ST_13|ST_19,1,1,1,low,low,high,high,1,1,2,1_1_1
CHN_B1_1 - Smoking - WE_CHN_SMK0_002_B1_1.xlsx||11,CHN_B1_1 - Smoking - WE_CHN_SMK0_002_B1_1.xlsx,11,"For one thing, part of people here couldn't give it up right away for smoking is the comfort in their lives.","For one thing, /ERR/part of people/ERR/ here couldn't give it up right away for smoking is the comfort in their lives.",part of people,2,ST_13|ST_19,1,1,1,high,low,low,high,2,1,1,1_1_1
CHN_B1_1 - Smoking - WE_CHN_SMK0_002_B1_1.xlsx||12,CHN_B1_1 - Smoking - WE_CHN_SMK0_002_B1_1.xlsx,12,"For one thing, part of people here couldn't give it up right away for smoking is the comfort in their lives.","For one thing, part of people here couldn't give it up right away for /ERR/smoking is the comfort in their lives/ERR/.",smoking is the comfort in their lives,2,ST_13|ST_19,1,1,1,low,low,low,high,1,1,1,1_1_1
CHN_B1_1 - Smoking - WE_CHN_SMK0_002_B1_1.xlsx||13,CHN_B1_1 - Smoking - WE_CHN_SMK0_002_B1_1.xlsx,13,"It's obvious that if one could live longer without emotion and happiness, he might prefer to choose a shorter life with happiness.","It's obvious that if one could live longer without emotion and happiness, he might /ERR/prefer to choose/ERR/ a shorter life with happiness.",prefer to choose,2,ST_13|ST_19,0,1,1,high,low,high,high,0,1,2,0_1_1
CHN_B1_1 - Smoking - WE_CHN_SMK0_002_B1_1.xlsx||14,CHN_B1_1 - Smoking - WE_CHN_SMK0_002_B1_1.xlsx,14,So we shouldn't kill people's happiness at the moment except when we find something else to replace it and they are willing to accept.,So we shouldn't /ERR/kill people's happiness/ERR/ at the moment except when we find something else to replace it and they are willing to accept.,kill people's happiness,2,ST_13|ST_19,1,0,1,low,high,low,high,1,0,1,1_0_1
CHN_B1_1 - Smoking - WE_CHN_SMK0_002_B1_1.xlsx||15,CHN_B1_1 - Smoking - WE_CHN_SMK0_002_B1_1.xlsx,15,So we shouldn't kill people's happiness at the moment except when we find something else to replace it and they are willing to accept.,So we shouldn't kill people's happiness at the moment except when we find something else to replace it and they are /ERR/willing to accept/ERR/.,willing to accept,2,ST_13|ST_19,1,1,0,high,low,high,high,2,1,0,1_1_0
CHN_B1_1 - Smoking - WE_CHN_SMK0_002_B1_1.xlsx||16,CHN_B1_1 - Smoking - WE_CHN_SMK0_002_B1_1.xlsx,16,"For another, restaurants are the places where the citizens experience life and relax themselves.","/ERR/For another/ERR/, restaurants are the places where the citizens experience life and relax themselves.",For another,2,ST_13|ST_19,1,1,0,high,low,high,high,2,1,0,1_1_0
CHN_B1_1 - Smoking - WE_CHN_SMK0_002_B1_1.xlsx||17,CHN_B1_1 - Smoking - WE_CHN_SMK0_002_B1_1.xlsx,17,"For another, restaurants are the places where the citizens experience life and relax themselves.","For another, restaurants are the places where the citizens /ERR/experience life/ERR/ and relax themselves.",experience life,2,ST_13|ST_19,1,0,0,high,high,high,low,2,0,0,1_0_0
CHN_B1_1 - Smoking - WE_CHN_SMK0_002_B1_1.xlsx||18,CHN_B1_1 - Smoking - WE_CHN_SMK0_002_B1_1.xlsx,18,Many are accustomed to smoke there.,Many are accustomed to /ERR/smoke there/ERR/.,smoke there,2,ST_13|ST_19,0,1,1,high,high,low,high,0,2,1,0_1_1
CHN_B1_1 - Smoking - WE_CHN_SMK0_002_B1_1.xlsx||19,CHN_B1_1 - Smoking - WE_CHN_SMK0_002_B1_1.xlsx,19,"As we see, having a smoke in an ordinary restaurant is like a function of the restaurant itself.","As we see, having a smoke in an ordinary restaurant is like /ERR/a function of the restaurant itself/ERR/.",a function of the restaurant itself,2,ST_13|ST_19,1,1,0,low,low,high,high,1,1,0,1_1_0
CHN_B1_1 - Smoking - WE_CHN_SMK0_002_B1_1.xlsx||20,CHN_B1_1 - Smoking - WE_CHN_SMK0_002_B1_1.xlsx,20,"From the above, we could get to know that smoking could not be completely banned in the restaurants in the country.","/ERR/From the above/ERR/, we could get to know that smoking could not be completely banned in the restaurants in the country.",From the above,2,ST_13|ST_19,1,1,1,high,low,low,high,2,1,1,1_1_1
CHN_B1_1 - Smoking - WE_CHN_SMK0_002_B1_1.xlsx||21,CHN_B1_1 - Smoking - WE_CHN_SMK0_002_B1_1.xlsx,21,"From the above, we could get to know that smoking could not be completely banned in the restaurants in the country.","From the above, we could /ERR/get to know/ERR/ that smoking could not be completely banned in the restaurants in the country.",get to know,2,ST_13|ST_19,1,1,0,high,low,high,high,2,1,0,1_1_0
CHN_B1_1 - Smoking - WE_CHN_SMK0_002_B1_1.xlsx||23,CHN_B1_1 - Smoking - WE_CHN_SMK0_002_B1_1.xlsx,23,"For example, there could be restaurants and other public places alike especially for smoking, where you could smoke as you like without any limitation.","For example, there could be restaurants and other public places alike especially for smoking, where you could smoke /ERR/as you like without any limitation/ERR/.",as you like without any limitation,2,ST_13|ST_19,1,0,1,low,high,low,high,1,0,1,1_0_1
CHN_B1_1 - Smoking - WE_CHN_SMK0_003_B1_1.xlsx||2,CHN_B1_1 - Smoking - WE_CHN_SMK0_003_B1_1.xlsx,2,"But as we all know, cigarettes contain some poison, many countries have banned smoking at public places.","But as we all know, cigarettes contain some /ERR/poison/ERR/, many countries have banned smoking at public places.",poison,2,ST_12|ST_20,1,0,0,low,high,high,high,1,0,0,1_0_0
CHN_B1_1 - Smoking - WE_CHN_SMK0_003_B1_1.xlsx||3,CHN_B1_1 - Smoking - WE_CHN_SMK0_003_B1_1.xlsx,3,"But as we all know, cigarettes contain some poison, many countries have banned smoking at public places.","But as we all know, cigarettes contain some poison, many countries have banned smoking /ERR/at public places/ERR/.",at public places,2,ST_12|ST_20,1,1,0,low,high,high,high,1,2,0,1_1_0
CHN_B1_1 - Smoking - WE_CHN_SMK0_003_B1_1.xlsx||4,CHN_B1_1 - Smoking - WE_CHN_SMK0_003_B1_1.xlsx,4,"It's not enough, stopping smoking should not only at public places but also at restaurants in the country.","It's not enough, /ERR/stopping smoking should not only at public places/ERR/ but also at restaurants in the country.",stopping smoking should not only at public places,2,ST_12|ST_20,1,1,0,high,high,high,low,2,2,0,1_1_0
CHN_B1_1 - Smoking - WE_CHN_SMK0_003_B1_1.xlsx||5,CHN_B1_1 - Smoking - WE_CHN_SMK0_003_B1_1.xlsx,5,Scientists have improved that cigarette has nicotine.,Scientists have /ERR/improved/ERR/ that cigarette has nicotine.,improved,2,ST_12|ST_20,1,1,1,low,low,high,high,1,1,2,1_1_1
CHN_B1_1 - Smoking - WE_CHN_SMK0_003_B1_1.xlsx||7,CHN_B1_1 - Smoking - WE_CHN_SMK0_003_B1_1.xlsx,7,"People who smoking for a long time may get nicotinism, if it's very serious, people will die for this.","People who /ERR/smoking for a long time/ERR/ may get nicotinism, if it's very serious, people will die for this.",smoking for a long time,2,ST_12|ST_20,0,1,0,high,high,high,low,0,2,0,0_1_0
CHN_B1_1 - Smoking - WE_CHN_SMK0_003_B1_1.xlsx||9,CHN_B1_1 - Smoking - WE_CHN_SMK0_003_B1_1.xlsx,9,"People who smoking for a long time may get nicotinism, if it's very serious, people will die for this.","People who smoking for a long time may get nicotinism, if it's very serious, people will /ERR/die for this/ERR/.",die for this,2,ST_12|ST_20,0,1,0,high,low,high,high,0,1,0,0_1_0
CHN_B1_1 - Smoking - WE_CHN_SMK0_003_B1_1.xlsx||10,CHN_B1_1 - Smoking - WE_CHN_SMK0_003_B1_1.xlsx,10,And people who always smoking also will have lung cancer.,And people who always /ERR/smoking/ERR/ also will have lung cancer.,smoking,2,ST_12|ST_20,1,0,0,low,high,high,high,1,0,0,1_0_0
CHN_B1_1 - Smoking - WE_CHN_SMK0_003_B1_1.xlsx||13,CHN_B1_1 - Smoking - WE_CHN_SMK0_003_B1_1.xlsx,13,"So, for human being's health, smoking should be banned completely at all restaurants.","So, for /ERR/human being's health/ERR/, smoking should be banned completely at all restaurants.",human being's health,2,ST_12|ST_20,1,0,1,high,high,low,high,2,0,1,1_0_1
CHN_B1_1 - Smoking - WE_CHN_SMK0_003_B1_1.xlsx||14,CHN_B1_1 - Smoking - WE_CHN_SMK0_003_B1_1.xlsx,14,"Smoking is not only bad for smoking people, but also unhealthy for the people around them.","Smoking is not only bad for /ERR/smoking people/ERR/, but also unhealthy for the people around them.",smoking people,2,ST_12|ST_20,1,0,1,high,high,low,high,2,0,1,1_0_1
CHN_B1_1 - Smoking - WE_CHN_SMK0_003_B1_1.xlsx||15,CHN_B1_1 - Smoking - WE_CHN_SMK0_003_B1_1.xlsx,15,"When one person is smoking, the people around him may get second-hand smokes.","When one person is smoking, the people around him may get /ERR/second-hand smokes/ERR/.",second-hand smokes,2,ST_12|ST_20,1,0,1,low,high,high,high,1,0,2,1_0_1
CHN_B1_1 - Smoking - WE_CHN_SMK0_003_B1_1.xlsx||16,CHN_B1_1 - Smoking - WE_CHN_SMK0_003_B1_1.xlsx,16,"The second-hand smokes also contain nicotine, also harmful for human's body.","The second-hand smokes also contain nicotine, also harmful for /ERR/human's body/ERR/.",human's body,2,ST_12|ST_20,1,1,0,low,low,high,high,1,1,0,1_1_0
CHN_B1_1 - Smoking - WE_CHN_SMK0_003_B1_1.xlsx||17,CHN_B1_1 - Smoking - WE_CHN_SMK0_003_B1_1.xlsx,17,"And we see that, if people smoking in a restaurant, everyone in this restaurant will be harmed by them.","And we see that, if people /ERR/smoking in a restaurant/ERR/, everyone in this restaurant will be harmed by them.",smoking in a restaurant,2,ST_12|ST_20,1,0,1,low,high,high,high,1,0,2,1_0_1
CHN_B1_1 - Smoking - WE_CHN_SMK0_003_B1_1.xlsx||18,CHN_B1_1 - Smoking - WE_CHN_SMK0_003_B1_1.xlsx,18,"As far as I know, smoking also pollute environment.","As far as I know, smoking also /ERR/pollute environment/ERR/.",pollute environment,2,ST_12|ST_20,1,0,0,low,high,high,high,1,0,0,1_0_0
CHN_B1_1 - Smoking - WE_CHN_SMK0_003_B1_1.xlsx||19,CHN_B1_1 - Smoking - WE_CHN_SMK0_003_B1_1.xlsx,19,The smokes it produces will pollute our atmosphere.,The /ERR/smokes/ERR/ it produces will pollute our atmosphere.,smokes,2,ST_12|ST_20,0,1,1,high,low,low,high,0,1,1,0_1_1
CHN_B1_1 - Smoking - WE_CHN_SMK0_003_B1_1.xlsx||21,CHN_B1_1 - Smoking - WE_CHN_SMK0_003_B1_1.xlsx,21,"I don't know why people invented smoking, but I know why people stop smoking.","I don't know why people /ERR/invented smoking/ERR/, but I know why people stop smoking.",invented smoking,2,ST_12|ST_20,1,0,0,low,high,high,high,1,0,0,1_0_0
CHN_B1_1 - Smoking - WE_CHN_SMK0_003_B1_1.xlsx||22,CHN_B1_1 - Smoking - WE_CHN_SMK0_003_B1_1.xlsx,22,"In a word, smoking is bad for our health and also harmful for our word.","In a word, smoking is bad for our health and also harmful for our /ERR/word/ERR/.",word,2,ST_12|ST_20,0,0,1,high,high,low,high,0,0,1,0_0_1
CHN_B1_1 - Smoking - WE_CHN_SMK0_003_B1_1.xlsx||23,CHN_B1_1 - Smoking - WE_CHN_SMK0_003_B1_1.xlsx,23,"Banning smoking completely at all restaurants in the country is a little step, one day we will stop smoking all over the world!","/ERR/Banning smoking completely at all restaurants in the country/ERR/ is a little step, one day we will stop smoking all over the world!",Banning smoking completely at all restaurants in the country,2,ST_12|ST_20,1,1,0,low,low,high,high,1,1,0,1_1_0
CHN_B1_1 - Smoking - WE_CHN_SMK0_007_B1_1.xlsx||1,CHN_B1_1 - Smoking - WE_CHN_SMK0_007_B1_1.xlsx,1,"Nowadays, there still exist many uncivilized behaviors in the public such as smoking, spitting, littering.","Nowadays, there still exist many uncivilized behaviors /ERR/in the public/ERR/ such as smoking, spitting, littering.",in the public,2,ST_03|ST_19,0,1,0,high,high,high,low,0,2,0,0_1_0
CHN_B1_1 - Smoking - WE_CHN_SMK0_007_B1_1.xlsx||2,CHN_B1_1 - Smoking - WE_CHN_SMK0_007_B1_1.xlsx,2,"Especially, I believe that smoking recklessly in the public both does harm to the health of people and to the environment.","Especially, I believe that smoking recklessly /ERR/in the public/ERR/ both does harm to the health of people and to the environment.",in the public,2,ST_03|ST_19,1,0,0,low,high,high,high,1,0,0,1_0_0
CHN_B1_1 - Smoking - WE_CHN_SMK0_007_B1_1.xlsx||3,CHN_B1_1 - Smoking - WE_CHN_SMK0_007_B1_1.xlsx,3,"So, I support the initiative that smoking should be completely banned in the public.","So, I support the /ERR/initiative/ERR/ that smoking should be completely banned in the public.",initiative,2,ST_03|ST_19,1,1,0,low,low,high,high,1,1,0,1_1_0
CHN_B1_1 - Smoking - WE_CHN_SMK0_007_B1_1.xlsx||4,CHN_B1_1 - Smoking - WE_CHN_SMK0_007_B1_1.xlsx,4,"So, I support the initiative that smoking should be completely banned in the public.","So, I support the initiative that smoking should be completely banned /ERR/in the public/ERR/.",in the public,2,ST_03|ST_19,0,1,0,high,low,high,high,0,1,0,0_1_0
CHN_B1_1 - Smoking - WE_CHN_SMK0_007_B1_1.xlsx||5,CHN_B1_1 - Smoking - WE_CHN_SMK0_007_B1_1.xlsx,5,The following reasons can be figured out to support the argument.,The following reasons can be /ERR/figured out/ERR/ to support the argument.,figured out,2,ST_03|ST_19,0,1,1,high,low,low,high,0,1,1,0_1_1
CHN_B1_1 - Smoking - WE_CHN_SMK0_007_B1_1.xlsx||6,CHN_B1_1 - Smoking - WE_CHN_SMK0_007_B1_1.xlsx,6,"Undoubtedly, banning of public smoking is not only beneficial to others but also to the smoker's health.","Undoubtedly, /ERR/banning of public smoking/ERR/ is not only beneficial to others but also to the smoker's health.",banning of public smoking,2,ST_03|ST_19,1,0,0,low,high,high,high,1,0,0,1_0_0
CHN_B1_1 - Smoking - WE_CHN_SMK0_007_B1_1.xlsx||7,CHN_B1_1 - Smoking - WE_CHN_SMK0_007_B1_1.xlsx,7,"If smoking is banned, smokers may smoke less, there are less second hand smoking released into the air, so people have less chance to be exposed to the polluted air.","If smoking is banned, smokers may smoke less, there are less /ERR/second hand smoking/ERR/ released into the air, so people have less chance to be exposed to the polluted air.",second hand smoking,2,ST_03|ST_19,1,1,1,high,low,low,high,2,1,1,1_1_1
CHN_B1_1 - Smoking - WE_CHN_SMK0_007_B1_1.xlsx||8,CHN_B1_1 - Smoking - WE_CHN_SMK0_007_B1_1.xlsx,8,"Furthermore, no smoking environment will bring us fresh air and good mood.","Furthermore, /ERR/no smoking environment/ERR/ will bring us fresh air and good mood.",no smoking environment,2,ST_03|ST_19,1,1,0,low,low,high,high,1,1,0,1_1_0
CHN_B1_1 - Smoking - WE_CHN_SMK0_007_B1_1.xlsx||9,CHN_B1_1 - Smoking - WE_CHN_SMK0_007_B1_1.xlsx,9,"Furthermore, no smoking environment will bring us fresh air and good mood.","Furthermore, no smoking environment will bring us fresh air and /ERR/good mood/ERR/.",good mood,2,ST_03|ST_19,0,1,0,high,high,high,low,0,2,0,0_1_0
CHN_B1_1 - Smoking - WE_CHN_SMK0_007_B1_1.xlsx||10,CHN_B1_1 - Smoking - WE_CHN_SMK0_007_B1_1.xlsx,10,This will obviously promote cultural and ideological progress by forbidding bad manners and developing good ones.,This will obviously promote /ERR/cultural and ideological progress/ERR/ by forbidding bad manners and developing good ones.,cultural and ideological progress,2,ST_03|ST_19,1,0,1,high,high,low,high,2,0,1,1_0_1
CHN_B1_1 - Smoking - WE_CHN_SMK0_007_B1_1.xlsx||11,CHN_B1_1 - Smoking - WE_CHN_SMK0_007_B1_1.xlsx,11,"In addition, it is a reminder that we should improve our awareness of caring others.","In addition, it is a reminder that we should improve our /ERR/awareness of caring others/ERR/.",awareness of caring others,2,ST_03|ST_19,1,1,0,low,low,high,high,1,1,0,1_1_0
CHN_B1_1 - Smoking - WE_CHN_SMK0_007_B1_1.xlsx||12,CHN_B1_1 - Smoking - WE_CHN_SMK0_007_B1_1.xlsx,12,"Since it is not only beneficial to the smokers themselves but also to the society, why not take it?","Since it is not only beneficial to the smokers themselves but also to /ERR/the society/ERR/, why not take it?",the society,2,ST_03|ST_19,1,0,1,high,high,low,high,2,0,1,1_0_1
CHN_B1_1 - Smoking - WE_CHN_SMK0_007_B1_1.xlsx||13,CHN_B1_1 - Smoking - WE_CHN_SMK0_007_B1_1.xlsx,13,All mentioned above tell us the advantages of the banning.,/ERR/All mentioned above/ERR/ tell us the advantages of the banning.,All mentioned above,2,ST_03|ST_19,0,1,0,high,high,high,low,0,2,0,0_1_0
CHN_B1_1 - Smoking - WE_CHN_SMK0_007_B1_1.xlsx||14,CHN_B1_1 - Smoking - WE_CHN_SMK0_007_B1_1.xlsx,14,All mentioned above tell us the advantages of the banning.,All mentioned above tell us the advantages of /ERR/the banning/ERR/.,the banning,2,ST_03|ST_19,0,1,0,high,low,high,high,0,1,0,0_1_0
CHN_B1_1 - Smoking - WE_CHN_SMK0_007_B1_1.xlsx||15,CHN_B1_1 - Smoking - WE_CHN_SMK0_007_B1_1.xlsx,15,It is time to take the advice of banning and to put special emphasis on the improvement public environment though it is a litter harsh to the smokers.,It is time to /ERR/take the advice of banning/ERR/ and to put special emphasis on the improvement public environment though it is a litter harsh to the smokers.,take the advice of banning,2,ST_03|ST_19,1,0,0,high,high,high,low,2,0,0,1_0_0
CHN_B1_1 - Smoking - WE_CHN_SMK0_007_B1_1.xlsx||16,CHN_B1_1 - Smoking - WE_CHN_SMK0_007_B1_1.xlsx,16,It is time to take the advice of banning and to put special emphasis on the improvement public environment though it is a litter harsh to the smokers.,It is time to take the advice of banning and to put special emphasis on /ERR/the improvement public environment/ERR/ though it is a litter harsh to the smokers.,the improvement public environment,2,ST_03|ST_19,1,0,1,low,high,low,high,1,0,1,1_0_1
CHN_B1_1 - Smoking - WE_CHN_SMK0_007_B1_1.xlsx||17,CHN_B1_1 - Smoking - WE_CHN_SMK0_007_B1_1.xlsx,17,It is time to take the advice of banning and to put special emphasis on the improvement public environment though it is a litter harsh to the smokers.,It is time to take the advice of banning and to put special emphasis on the improvement public environment though it is a /ERR/litter harsh/ERR/ to the smokers.,litter harsh,2,ST_03|ST_19,1,0,1,high,high,low,high,2,0,1,1_0_1
CHN_B1_1 - Smoking - WE_CHN_SMK0_010_B1_1.xlsx||1,CHN_B1_1 - Smoking - WE_CHN_SMK0_010_B1_1.xlsx,1,"Imaging your are enjoying your delicious meal when clouds of smoke surrounds you and a heavy smoker right beside you speaks out, whose breath is of tobacco.","/ERR/Imaging your are enjoying/ERR/ your delicious meal when clouds of smoke surrounds you and a heavy smoker right beside you speaks out, whose breath is of tobacco.",Imaging your are enjoying,2,ST_10|ST_14,1,1,1,low,low,low,high,1,1,1,1_1_1
CHN_B1_1 - Smoking - WE_CHN_SMK0_010_B1_1.xlsx||2,CHN_B1_1 - Smoking - WE_CHN_SMK0_010_B1_1.xlsx,2,"Imaging your are enjoying your delicious meal when clouds of smoke surrounds you and a heavy smoker right beside you speaks out, whose breath is of tobacco.","Imaging your are enjoying your delicious meal when /ERR/clouds of smoke surrounds you/ERR/ and a heavy smoker right beside you speaks out, whose breath is of tobacco.",clouds of smoke surrounds you,2,ST_10|ST_14,1,1,0,low,low,high,high,1,1,0,1_1_0
CHN_B1_1 - Smoking - WE_CHN_SMK0_010_B1_1.xlsx||3,CHN_B1_1 - Smoking - WE_CHN_SMK0_010_B1_1.xlsx,3,"Imaging your are enjoying your delicious meal when clouds of smoke surrounds you and a heavy smoker right beside you speaks out, whose breath is of tobacco.","Imaging your are enjoying your delicious meal when clouds of smoke surrounds you and a heavy smoker right beside you /ERR/speaks out/ERR/, whose breath is of tobacco.",speaks out,2,ST_10|ST_14,1,0,0,low,high,high,high,1,0,0,1_0_0
CHN_B1_1 - Smoking - WE_CHN_SMK0_010_B1_1.xlsx||4,CHN_B1_1 - Smoking - WE_CHN_SMK0_010_B1_1.xlsx,4,"Imaging your are enjoying your delicious meal when clouds of smoke surrounds you and a heavy smoker right beside you speaks out, whose breath is of tobacco.","Imaging your are enjoying your delicious meal when clouds of smoke surrounds you and a heavy smoker right beside you speaks out, whose /ERR/breath is of tobacco/ERR/.",breath is of tobacco,2,ST_10|ST_14,1,1,1,low,high,low,high,1,2,1,1_1_1
CHN_B1_1 - Smoking - WE_CHN_SMK0_010_B1_1.xlsx||6,CHN_B1_1 - Smoking - WE_CHN_SMK0_010_B1_1.xlsx,6,"You certainly lose your appetite and intend to escape from the man as soon as possible, will you?","You certainly lose your appetite and intend to /ERR/escape from the man/ERR/ as soon as possible, will you?",escape from the man,2,ST_10|ST_14,0,0,1,high,high,low,high,0,0,1,0_0_1
CHN_B1_1 - Smoking - WE_CHN_SMK0_010_B1_1.xlsx||7,CHN_B1_1 - Smoking - WE_CHN_SMK0_010_B1_1.xlsx,7,"For me, I think that under no circumstances should smoking be allowed in public places, such as the restaurant.","For me, I think that under no circumstances should smoking be allowed in public places, such as /ERR/the restaurant/ERR/.",the restaurant,2,ST_10|ST_14,1,0,0,low,high,high,high,1,0,0,1_0_0
CHN_B1_1 - Smoking - WE_CHN_SMK0_010_B1_1.xlsx||8,CHN_B1_1 - Smoking - WE_CHN_SMK0_010_B1_1.xlsx,8,Reasons are as follows.,/ERR/Reasons are as follows/ERR/.,Reasons are as follows,2,ST_10|ST_14,1,1,1,low,low,low,high,1,1,1,1_1_1
CHN_B1_1 - Smoking - WE_CHN_SMK0_010_B1_1.xlsx||11,CHN_B1_1 - Smoking - WE_CHN_SMK0_010_B1_1.xlsx,11,Both the smoker and the second hand smokers are risking their health even their life on the cigarette.,Both the smoker and the second hand smokers are risking their health even their life /ERR/on the cigarette/ERR/.,on the cigarette,2,ST_10|ST_14,0,1,0,high,low,high,high,0,1,0,0_1_0
CHN_B1_1 - Smoking - WE_CHN_SMK0_010_B1_1.xlsx||12,CHN_B1_1 - Smoking - WE_CHN_SMK0_010_B1_1.xlsx,12,"Every year, large amounts of people die of lung cancer just because of smoking too much.","Every year, /ERR/large amounts of people/ERR/ die of lung cancer just because of smoking too much.",large amounts of people,2,ST_10|ST_14,1,0,0,low,high,high,high,1,0,0,1_0_0
CHN_B1_1 - Smoking - WE_CHN_SMK0_010_B1_1.xlsx||13,CHN_B1_1 - Smoking - WE_CHN_SMK0_010_B1_1.xlsx,13,Everyone should realize that our life is really precious that it our duty to value it.,Everyone should realize that our life is really precious that /ERR/it our duty to value it/ERR/.,it our duty to value it,2,ST_10|ST_14,1,1,1,high,low,low,high,2,1,1,1_1_1
CHN_B1_1 - Smoking - WE_CHN_SMK0_010_B1_1.xlsx||14,CHN_B1_1 - Smoking - WE_CHN_SMK0_010_B1_1.xlsx,14,Therefore stay away from the cigar not only for yourself but also for others surrounding you.,Therefore stay away from /ERR/the cigar/ERR/ not only for yourself but also for others surrounding you.,the cigar,2,ST_10|ST_14,0,1,0,high,low,high,high,0,1,0,0_1_0
CHN_B1_1 - Smoking - WE_CHN_SMK0_010_B1_1.xlsx||15,CHN_B1_1 - Smoking - WE_CHN_SMK0_010_B1_1.xlsx,15,Therefore stay away from the cigar not only for yourself but also for others surrounding you.,Therefore stay away from the cigar not only for yourself but also for /ERR/others surrounding you/ERR/.,others surrounding you,2,ST_10|ST_14,1,0,0,low,high,high,high,1,0,0,1_0_0
CHN_B1_1 - Smoking - WE_CHN_SMK0_010_B1_1.xlsx||16,CHN_B1_1 - Smoking - WE_CHN_SMK0_010_B1_1.xlsx,16,"Secondly, it is a bad behavior or habit for our adolescents to imitate.","Secondly, it is /ERR/a bad behavior/ERR/ or habit for our adolescents to imitate.",a bad behavior,2,ST_10|ST_14,1,0,0,low,high,high,high,1,0,0,1_0_0
CHN_B1_1 - Smoking - WE_CHN_SMK0_010_B1_1.xlsx||17,CHN_B1_1 - Smoking - WE_CHN_SMK0_010_B1_1.xlsx,17,"Smoking in front of others present is a bad manner, which not only make an awful impression on others' mind but mislead the children to regard it as an acceptable or even a cool action.","Smoking in front of /ERR/others present/ERR/ is a bad manner, which not only make an awful impression on others' mind but mislead the children to regard it as an acceptable or even a cool action.",others present,2,ST_10|ST_14,1,0,0,low,high,high,high,1,0,0,1_0_0
CHN_B1_1 - Smoking - WE_CHN_SMK0_010_B1_1.xlsx||18,CHN_B1_1 - Smoking - WE_CHN_SMK0_010_B1_1.xlsx,18,"Smoking in front of others present is a bad manner, which not only make an awful impression on others' mind but mislead the children to regard it as an acceptable or even a cool action.","Smoking in front of others present is a bad manner, which not only /ERR/make an awful impression/ERR/ on others' mind but mislead the children to regard it as an acceptable or even a cool action.",make an awful impression,2,ST_10|ST_14,1,1,1,high,low,low,high,2,1,1,1_1_1
CHN_B1_1 - Smoking - WE_CHN_SMK0_010_B1_1.xlsx||19,CHN_B1_1 - Smoking - WE_CHN_SMK0_010_B1_1.xlsx,19,"Smoking in front of others present is a bad manner, which not only make an awful impression on others' mind but mislead the children to regard it as an acceptable or even a cool action.","Smoking in front of others present is a bad manner, which not only make an awful impression on /ERR/others' mind/ERR/ but mislead the children to regard it as an acceptable or even a cool action.",others' mind,2,ST_10|ST_14,1,1,1,high,low,low,high,2,1,1,1_1_1
CHN_B1_1 - Smoking - WE_CHN_SMK0_010_B1_1.xlsx||20,CHN_B1_1 - Smoking - WE_CHN_SMK0_010_B1_1.xlsx,20,"Every adult should be mentally alert to set a good example, especially in the public place.","Every adult should be mentally alert to set a good example, especially in /ERR/the public place/ERR/.",the public place,2,ST_10|ST_14,1,0,0,low,high,high,high,1,0,0,1_0_0
CHN_B1_1 - Smoking - WE_CHN_SMK0_010_B1_1.xlsx||21,CHN_B1_1 - Smoking - WE_CHN_SMK0_010_B1_1.xlsx,21,"In a word, let's create a smoke free atmosphere to enjoy our meal.","In a word, let's create a /ERR/smoke free atmosphere/ERR/ to enjoy our meal.",smoke free atmosphere,2,ST_10|ST_14,1,0,0,low,high,high,high,1,0,0,1_0_0
CHN_B1_1 - Smoking - WE_CHN_SMK0_010_B1_1.xlsx||22,CHN_B1_1 - Smoking - WE_CHN_SMK0_010_B1_1.xlsx,22,Seriously speaking!,/ERR/Seriously speaking!/ERR/,Seriously speaking!,2,ST_10|ST_14,1,1,1,low,low,low,high,1,1,1,1_1_1
CHN_B1_2 - Smoking - WE_CHN_SMK0_004_B1_2.xlsx||3,CHN_B1_2 - Smoking - WE_CHN_SMK0_004_B1_2.xlsx,3,The answer is positive.,The answer is /ERR/positive/ERR/.,positive,2,ST_06|ST_14,1,0,0,low,high,high,high,1,0,0,1_0_0
CHN_B1_2 - Smoking - WE_CHN_SMK0_004_B1_2.xlsx||4,CHN_B1_2 - Smoking - WE_CHN_SMK0_004_B1_2.xlsx,4,A cigarette includes a lot of harmful matters.,A cigarette includes a lot of /ERR/harmful matters/ERR/.,harmful matters,2,ST_06|ST_14,1,0,0,low,high,high,high,1,0,0,1_0_0
CHN_B1_2 - Smoking - WE_CHN_SMK0_004_B1_2.xlsx||5,CHN_B1_2 - Smoking - WE_CHN_SMK0_004_B1_2.xlsx,5,"As you know, it's pernicious for our health.","As you know, it's /ERR/pernicious/ERR/ for our health.",pernicious,2,ST_06|ST_14,1,0,0,low,high,high,high,1,0,0,1_0_0
CHN_B1_2 - Smoking - WE_CHN_SMK0_004_B1_2.xlsx||6,CHN_B1_2 - Smoking - WE_CHN_SMK0_004_B1_2.xlsx,6,"Not only is the person who smokes influenced badly, but also the other person who smells the smoke.","Not only is the person who smokes /ERR/influenced badly/ERR/, but also the other person who smells the smoke.",influenced badly,2,ST_06|ST_14,1,1,1,high,low,low,high,2,1,1,1_1_1
CHN_B1_2 - Smoking - WE_CHN_SMK0_004_B1_2.xlsx||7,CHN_B1_2 - Smoking - WE_CHN_SMK0_004_B1_2.xlsx,7,"If plenty of people smoke in public place, human beings' health will get hurt.","If plenty of people smoke in /ERR/public place/ERR/, human beings' health will get hurt.",public place,2,ST_06|ST_14,1,0,0,low,high,high,high,1,0,0,1_0_0
CHN_B1_2 - Smoking - WE_CHN_SMK0_004_B1_2.xlsx||8,CHN_B1_2 - Smoking - WE_CHN_SMK0_004_B1_2.xlsx,8,"If plenty of people smoke in public place, human beings' health will get hurt.","If plenty of people smoke in public place, human beings' health will /ERR/get hurt/ERR/.",get hurt,2,ST_06|ST_14,1,0,0,low,high,high,high,1,0,0,1_0_0
CHN_B1_2 - Smoking - WE_CHN_SMK0_004_B1_2.xlsx||9,CHN_B1_2 - Smoking - WE_CHN_SMK0_004_B1_2.xlsx,9,Although they haven't smoked ever.,/ERR/Although they haven't smoked ever./ERR/,Although they haven't smoked ever.,2,ST_06|ST_14,0,1,0,high,low,high,high,0,1,0,0_1_0
CHN_B1_2 - Smoking - WE_CHN_SMK0_004_B1_2.xlsx||10,CHN_B1_2 - Smoking - WE_CHN_SMK0_004_B1_2.xlsx,10,"After all, it is unfair for them to let somebody smoke anywhere to destroy their body.","After all, it is unfair for them to let somebody smoke anywhere to /ERR/destroy their body/ERR/.",destroy their body,2,ST_06|ST_14,1,1,1,low,high,low,high,1,2,1,1_1_1
CHN_B1_2 - Smoking - WE_CHN_SMK0_004_B1_2.xlsx||11,CHN_B1_2 - Smoking - WE_CHN_SMK0_004_B1_2.xlsx,11,"Of course, restaurants are the place where we enjoy our life.","Of course, restaurants are the place where we enjoy /ERR/our life/ERR/.",our life,2,ST_06|ST_14,1,0,0,low,high,high,high,1,0,0,1_0_0
CHN_B1_2 - Smoking - WE_CHN_SMK0_004_B1_2.xlsx||12,CHN_B1_2 - Smoking - WE_CHN_SMK0_004_B1_2.xlsx,12,We should eat food with happy feeling.,We should eat food with /ERR/happy feeling/ERR/.,happy feeling,2,ST_06|ST_14,1,0,0,low,high,high,high,1,0,0,1_0_0
CHN_B1_2 - Smoking - WE_CHN_SMK0_004_B1_2.xlsx||13,CHN_B1_2 - Smoking - WE_CHN_SMK0_004_B1_2.xlsx,13,"A cigarette can attract your most attention, and then you will forget what you are enjoying.","A cigarette can attract /ERR/your most attention/ERR/, and then you will forget what you are enjoying.",your most attention,2,ST_06|ST_14,1,1,1,low,high,low,high,1,2,1,1_1_1
CHN_B1_2 - Smoking - WE_CHN_SMK0_004_B1_2.xlsx||14,CHN_B1_2 - Smoking - WE_CHN_SMK0_004_B1_2.xlsx,14,That's a bad habitat for not respecting nature.,That's a bad /ERR/habitat/ERR/ for not respecting nature.,habitat,2,ST_06|ST_14,1,0,0,low,high,high,high,1,0,0,1_0_0
CHN_B1_2 - Smoking - WE_CHN_SMK0_004_B1_2.xlsx||15,CHN_B1_2 - Smoking - WE_CHN_SMK0_004_B1_2.xlsx,15,We'd better be grateful for the entire world.,We'd better be grateful for /ERR/the entire world/ERR/.,the entire world,2,ST_06|ST_14,1,1,1,high,low,low,high,2,1,1,1_1_1
CHN_B1_2 - Smoking - WE_CHN_SMK0_004_B1_2.xlsx||16,CHN_B1_2 - Smoking - WE_CHN_SMK0_004_B1_2.xlsx,16,"Besides these, smoking in restaurants' is easy to cause a fire accident.","/ERR/Besides these/ERR/, smoking in restaurants' is easy to cause a fire accident.",Besides these,2,ST_06|ST_14,0,1,0,high,high,high,low,0,2,0,0_1_0
CHN_B1_2 - Smoking - WE_CHN_SMK0_004_B1_2.xlsx||18,CHN_B1_2 - Smoking - WE_CHN_SMK0_004_B1_2.xlsx,18,"Besides these, smoking in restaurants' is easy to cause a fire accident.","Besides these, smoking in restaurants' is easy to cause /ERR/a fire accident/ERR/.",a fire accident,2,ST_06|ST_14,1,0,0,high,high,high,low,2,0,0,1_0_0
CHN_B1_2 - Smoking - WE_CHN_SMK0_004_B1_2.xlsx||19,CHN_B1_2 - Smoking - WE_CHN_SMK0_004_B1_2.xlsx,19,"People often forget to put out the cigarette, and the accidents will happen.","People often forget to put out /ERR/the cigarette/ERR/, and the accidents will happen.",the cigarette,2,ST_06|ST_14,1,0,0,low,high,high,high,1,0,0,1_0_0
CHN_B1_2 - Smoking - WE_CHN_SMK0_004_B1_2.xlsx||20,CHN_B1_2 - Smoking - WE_CHN_SMK0_004_B1_2.xlsx,20,"People often forget to put out the cigarette, and the accidents will happen.","People often forget to put out the cigarette, and /ERR/the accidents will happen/ERR/.",the accidents will happen,2,ST_06|ST_14,0,1,0,high,low,high,high,0,1,0,0_1_0
CHN_B1_2 - Smoking - WE_CHN_SMK0_004_B1_2.xlsx||21,CHN_B1_2 - Smoking - WE_CHN_SMK0_004_B1_2.xlsx,21,"So many things have showed us about this, the most important thing is a lot of people died in the fire.","/ERR/So many things have showed us about this/ERR/, the most important thing is a lot of people died in the fire.",So many things have showed us about this,2,ST_06|ST_14,0,1,0,high,low,high,high,0,1,0,0_1_0
CHN_B1_2 - Smoking - WE_CHN_SMK0_004_B1_2.xlsx||22,CHN_B1_2 - Smoking - WE_CHN_SMK0_004_B1_2.xlsx,22,"So many things have showed us about this, the most important thing is a lot of people died in the fire.","So many things have showed us about this, the most important thing is /ERR/a lot of people died in the fire/ERR/.",a lot of people died in the fire,2,ST_06|ST_14,1,0,0,low,high,high,high,1,0,0,1_0_0
CHN_B1_2 - Smoking - WE_CHN_SMK0_004_B1_2.xlsx||23,CHN_B1_2 - Smoking - WE_CHN_SMK0_004_B1_2.xlsx,23,The sad experience has told us to be careful in smoking.,The sad experience has told us to /ERR/be careful in smoking/ERR/.,be careful in smoking,2,ST_06|ST_14,1,0,0,low,high,high,high,1,0,0,1_0_0
CHN_B1_2 - Smoking - WE_CHN_SMK0_004_B1_2.xlsx||24,CHN_B1_2 - Smoking - WE_CHN_SMK0_004_B1_2.xlsx,24,"In a word, smoking leads too many unhappy things, and it should be banned at all restaurants in the country.","In a word, smoking /ERR/leads too many unhappy things/ERR/, and it should be banned at all restaurants in the country.",leads too many unhappy things,2,ST_06|ST_14,0,1,0,high,high,high,low,0,2,0,0_1_0
CHN_B1_2 - Smoking - WE_CHN_SMK0_006_B1_2.xlsx||4,CHN_B1_2 - Smoking - WE_CHN_SMK0_006_B1_2.xlsx,4,"What's worse, second hand smoking hurt our body when we have no sense.","What's worse, second hand smoking hurt our body when we have /ERR/no sense/ERR/.",no sense,2,ST_09|ST_16,0,0,1,high,high,high,low,0,0,2,0_0_1
CHN_B1_2 - Smoking - WE_CHN_SMK0_006_B1_2.xlsx||7,CHN_B1_2 - Smoking - WE_CHN_SMK0_006_B1_2.xlsx,7,Most people in the world don't like to smoke and large numbers of them even hate it because of its uncomfortable gas.,Most people in the world don't like to smoke and large numbers of them even hate it because of its /ERR/uncomfortable gas/ERR/.,uncomfortable gas,2,ST_09|ST_16,1,0,0,low,high,high,high,1,0,0,1_0_0
CHN_B1_2 - Smoking - WE_CHN_SMK0_006_B1_2.xlsx||10,CHN_B1_2 - Smoking - WE_CHN_SMK0_006_B1_2.xlsx,10,"The tobacco is also very expensive, which means smoking waste a lot of money, so quite smoking can also save money.","The tobacco is also very expensive, which means smoking /ERR/waste a lot of money/ERR/, so quite smoking can also save money.",waste a lot of money,2,ST_09|ST_16,0,0,1,high,high,low,high,0,0,1,0_0_1
CHN_B1_2 - Smoking - WE_CHN_SMK0_006_B1_2.xlsx||11,CHN_B1_2 - Smoking - WE_CHN_SMK0_006_B1_2.xlsx,11,"The tobacco is also very expensive, which means smoking waste a lot of money, so quite smoking can also save money.","The tobacco is also very expensive, which means smoking waste a lot of money, so /ERR/quite smoking/ERR/ can also save money.",quite smoking,2,ST_09|ST_16,0,0,1,high,high,high,low,0,0,2,0_0_1
CHN_B1_2 - Smoking - WE_CHN_SMK0_006_B1_2.xlsx||12,CHN_B1_2 - Smoking - WE_CHN_SMK0_006_B1_2.xlsx,12,The restaurant is the most important pubic place in our daily life so that banning smoking here can make the biggest and best effect.,The restaurant is the most important /ERR/pubic place/ERR/ in our daily life so that banning smoking here can make the biggest and best effect.,pubic place,2,ST_09|ST_16,0,0,1,high,high,low,high,0,0,1,0_0_1
CHN_B1_2 - Smoking - WE_CHN_SMK0_006_B1_2.xlsx||13,CHN_B1_2 - Smoking - WE_CHN_SMK0_006_B1_2.xlsx,13,The restaurant is the most important pubic place in our daily life so that banning smoking here can make the biggest and best effect.,The restaurant is the most important pubic place in our daily life so that banning smoking here can make the /ERR/biggest and best effect/ERR/.,biggest and best effect,2,ST_09|ST_16,0,0,1,high,high,low,high,0,0,1,0_0_1
CHN_B1_2 - Smoking - WE_CHN_SMK0_006_B1_2.xlsx||14,CHN_B1_2 - Smoking - WE_CHN_SMK0_006_B1_2.xlsx,14,"We do not want to be hurt when we have a good time, which is very disappointed.","We do not want to be hurt when we have a good time, which is very /ERR/disappointed/ERR/.",disappointed,2,ST_09|ST_16,0,0,1,high,high,low,high,0,0,1,0_0_1
CHN_B1_2 - Smoking - WE_CHN_SMK0_006_B1_2.xlsx||15,CHN_B1_2 - Smoking - WE_CHN_SMK0_006_B1_2.xlsx,15,Another reason is that restaurant is a closed place which air is very hard to flow and people do not move often so that the bad gas can't discharge and cause great harm.,Another reason is that restaurant is a closed place which /ERR/air is very hard to flow/ERR/ and people do not move often so that the bad gas can't discharge and cause great harm.,air is very hard to flow,2,ST_09|ST_16,1,0,0,high,high,high,low,2,0,0,1_0_0
CHN_B1_2 - Smoking - WE_CHN_SMK0_006_B1_2.xlsx||16,CHN_B1_2 - Smoking - WE_CHN_SMK0_006_B1_2.xlsx,16,Another reason is that restaurant is a closed place which air is very hard to flow and people do not move often so that the bad gas can't discharge and cause great harm.,Another reason is that restaurant is a closed place which air is very hard to flow and people do not move often so that the /ERR/bad gas/ERR/ can't discharge and cause great harm.,bad gas,2,ST_09|ST_16,1,0,0,low,high,high,high,1,0,0,1_0_0
CHN_B1_2 - Smoking - WE_CHN_SMK0_008_B1_2.xlsx||2,CHN_B1_2 - Smoking - WE_CHN_SMK0_008_B1_2.xlsx,2,"Smoking in the restaurants not only can give rise to unpleasant, but it also does harm to other guests' health.","Smoking in the restaurants not only can give rise to /ERR/unpleasant/ERR/, but it also does harm to other guests' health.",unpleasant,2,ST_05|ST_17,1,0,0,high,high,high,low,2,0,0,1_0_0
CHN_B1_2 - Smoking - WE_CHN_SMK0_008_B1_2.xlsx||3,CHN_B1_2 - Smoking - WE_CHN_SMK0_008_B1_2.xlsx,3,"As the air circulation is not good in a restaurant, the smell of the smoke is probably to affect other people.","As the air circulation is not good in a restaurant, the smell of the smoke /ERR/is probably to affect/ERR/ other people.",is probably to affect,2,ST_05|ST_17,1,0,0,high,high,high,low,2,0,0,1_0_0
CHN_B1_2 - Smoking - WE_CHN_SMK0_008_B1_2.xlsx||4,CHN_B1_2 - Smoking - WE_CHN_SMK0_008_B1_2.xlsx,4,"This little activity may completely ruin a dinner, how can you do that!","This /ERR/little activity/ERR/ may completely ruin a dinner, how can you do that!",little activity,2,ST_05|ST_17,1,0,0,high,high,high,low,2,0,0,1_0_0
CHN_B1_2 - Smoking - WE_CHN_SMK0_008_B1_2.xlsx||5,CHN_B1_2 - Smoking - WE_CHN_SMK0_008_B1_2.xlsx,5,"On the other hand, there is no need for me to throw light on the harm of the second hand smoking may do because everybody knows it!","On the other hand, there is no need for me to /ERR/throw light on/ERR/ the harm of the second hand smoking may do because everybody knows it!",throw light on,2,ST_05|ST_17,0,1,0,high,low,high,high,0,1,0,0_1_0
CHN_B1_2 - Smoking - WE_CHN_SMK0_008_B1_2.xlsx||6,CHN_B1_2 - Smoking - WE_CHN_SMK0_008_B1_2.xlsx,6,"On the other hand, there is no need for me to throw light on the harm of the second hand smoking may do because everybody knows it!","On the other hand, there is no need for me to throw light on the harm of the /ERR/second hand smoking/ERR/ may do because everybody knows it!",second hand smoking,2,ST_05|ST_17,0,1,0,high,low,high,high,0,1,0,0_1_0
CHN_B1_2 - Smoking - WE_CHN_SMK0_008_B1_2.xlsx||9,CHN_B1_2 - Smoking - WE_CHN_SMK0_008_B1_2.xlsx,9,Because the ash and smoke could directly get into the food then ate by the customers.,Because the ash and smoke could directly get into the food then /ERR/ate by the customers/ERR/.,ate by the customers,2,ST_05|ST_17,1,0,0,high,high,high,low,2,0,0,1_0_0
CHN_B1_2 - Smoking - WE_CHN_SMK0_008_B1_2.xlsx||10,CHN_B1_2 - Smoking - WE_CHN_SMK0_008_B1_2.xlsx,10,"Meanwhile, smoking being banned does not mean you could not smoke during a meal.","Meanwhile, /ERR/smoking being banned/ERR/ does not mean you could not smoke during a meal.",smoking being banned,2,ST_05|ST_17,1,0,0,low,high,high,high,1,0,0,1_0_0
CHN_B1_2 - Smoking - WE_CHN_SMK0_008_B1_2.xlsx||13,CHN_B1_2 - Smoking - WE_CHN_SMK0_008_B1_2.xlsx,13,"For the two reasons mentioned above, and the fact that you can still smoke outside the restaurant during a meal, put your hands up to show that you are with me!","For the two reasons mentioned above, and the fact that you can still smoke outside the restaurant during a meal, /ERR/put your hands up to show that you are with me/ERR/!",put your hands up to show that you are with me,2,ST_05|ST_17,1,0,0,low,high,high,high,1,0,0,1_0_0
CHN_B2_0 - Smoking - WE_CHN_SMK0_160_B2_0.xlsx||2,CHN_B2_0 - Smoking - WE_CHN_SMK0_160_B2_0.xlsx,2,"Personally, I think it is an important behavior to ban smoke at restaurant and we should not allow this condition in the restaurant any more.","Personally, I think it is an /ERR/important behavior to ban smoke/ERR/ at restaurant and we should not allow this condition in the restaurant any more.",important behavior to ban smoke,2,ST_03|ST_12,1,0,1,low,high,low,high,1,0,1,1_0_1
CHN_B2_0 - Smoking - WE_CHN_SMK0_160_B2_0.xlsx||3,CHN_B2_0 - Smoking - WE_CHN_SMK0_160_B2_0.xlsx,3,"Personally, I think it is an important behavior to ban smoke at restaurant and we should not allow this condition in the restaurant any more.","Personally, I think it is an important behavior to ban smoke at restaurant and we should not allow /ERR/this condition/ERR/ in the restaurant any more.",this condition,2,ST_03|ST_12,1,0,0,high,high,high,low,2,0,0,1_0_0
CHN_B2_0 - Smoking - WE_CHN_SMK0_160_B2_0.xlsx||4,CHN_B2_0 - Smoking - WE_CHN_SMK0_160_B2_0.xlsx,4,"First and foremost, there's no denying that smoking does harm to the smokers and in the meantime to others.","First and foremost, there's no denying that smoking does harm to the smokers and /ERR/in the meantime to others/ERR/.",in the meantime to others,2,ST_03|ST_12,0,1,1,high,low,low,high,0,1,1,0_1_1
CHN_B2_0 - Smoking - WE_CHN_SMK0_160_B2_0.xlsx||5,CHN_B2_0 - Smoking - WE_CHN_SMK0_160_B2_0.xlsx,5,"Although those people have been addicted to smoking, they are supposed to pay more attention to the others' health in public.","Although those people have been addicted to smoking, they are supposed to pay more attention to /ERR/the others' health/ERR/ in public.",the others' health,2,ST_03|ST_12,1,1,0,low,low,high,high,1,1,0,1_1_0
CHN_B2_0 - Smoking - WE_CHN_SMK0_160_B2_0.xlsx||6,CHN_B2_0 - Smoking - WE_CHN_SMK0_160_B2_0.xlsx,6,"Moreover, it is common believed that smoking destroy the elegant atmosphere at the restaurant.","Moreover, it is /ERR/common believed/ERR/ that smoking destroy the elegant atmosphere at the restaurant.",common believed,2,ST_03|ST_12,0,1,0,high,low,high,high,0,1,0,0_1_0
CHN_B2_0 - Smoking - WE_CHN_SMK0_160_B2_0.xlsx||7,CHN_B2_0 - Smoking - WE_CHN_SMK0_160_B2_0.xlsx,7,"Moreover, it is common believed that smoking destroy the elegant atmosphere at the restaurant.","Moreover, it is common believed that smoking /ERR/destroy the elegant atmosphere/ERR/ at the restaurant.",destroy the elegant atmosphere,2,ST_03|ST_12,1,0,0,high,high,high,low,2,0,0,1_0_0
CHN_B2_0 - Smoking - WE_CHN_SMK0_160_B2_0.xlsx||8,CHN_B2_0 - Smoking - WE_CHN_SMK0_160_B2_0.xlsx,8,Non- smokers don't want to get harmed by the cigarette smoke in the restaurants.,/ERR/Non- smokers/ERR/ don't want to get harmed by the cigarette smoke in the restaurants.,Non- smokers,2,ST_03|ST_12,0,1,0,high,low,high,high,0,1,0,0_1_0
CHN_B2_0 - Smoking - WE_CHN_SMK0_160_B2_0.xlsx||9,CHN_B2_0 - Smoking - WE_CHN_SMK0_160_B2_0.xlsx,9,They come to the restaurants for a happy meal.,They come to the restaurants for /ERR/a happy meal/ERR/.,a happy meal,2,ST_03|ST_12,1,0,0,low,high,high,high,1,0,0,1_0_0
CHN_B2_0 - Smoking - WE_CHN_SMK0_160_B2_0.xlsx||10,CHN_B2_0 - Smoking - WE_CHN_SMK0_160_B2_0.xlsx,10,"Therefore, I suggest that the government should create a place especially for the smokers and the problem will be solved gradually.","Therefore, I suggest that the government should create /ERR/a place especially for the smokers/ERR/ and the problem will be solved gradually.",a place especially for the smokers,2,ST_03|ST_12,0,1,0,high,low,high,high,0,1,0,0_1_0
CHN_B2_0 - Smoking - WE_CHN_SMK0_160_B2_0.xlsx||11,CHN_B2_0 - Smoking - WE_CHN_SMK0_160_B2_0.xlsx,11,"Last but not least, educated as most Chinese people are, it is crucial for us to behave formally and gently in public.","Last but not least, educated as most Chinese people are, it is crucial for us to /ERR/behave formally and gently/ERR/ in public.",behave formally and gently,2,ST_03|ST_12,1,0,0,low,high,high,high,1,0,0,1_0_0
CHN_B2_0 - Smoking - WE_CHN_SMK0_160_B2_0.xlsx||12,CHN_B2_0 - Smoking - WE_CHN_SMK0_160_B2_0.xlsx,12,"In summary, taking many factors into consideration, I hope that this phenomenon will disappear after so many people's combat.","In summary, taking many factors into consideration, I hope that this phenomenon will disappear after /ERR/so many people's combat/ERR/.",so many people's combat,2,ST_03|ST_12,0,0,1,high,high,low,high,0,0,1,0_0_1
CHN_B2_0 - Smoking - WE_CHN_SMK0_160_B2_0.xlsx||13,CHN_B2_0 - Smoking - WE_CHN_SMK0_160_B2_0.xlsx,13,"Besides, our government had better take actions to protect the environment at restaurant and solve the problem as soon as possible.","Besides, our government had better take actions to protect the /ERR/environment at restaurant/ERR/ and solve the problem as soon as possible.",environment at restaurant,2,ST_03|ST_12,0,1,0,high,low,high,high,0,1,0,0_1_0
CHN_B2_0 - Smoking - WE_CHN_SMK0_182_B2_0.xlsx||2,CHN_B2_0 - Smoking - WE_CHN_SMK0_182_B2_0.xlsx,2,"About this, different people hold different views.","/ERR/About this/ERR/, different people hold different views.",About this,2,ST_06|ST_07,1,1,0,low,low,high,high,1,1,0,1_1_0
CHN_B2_0 - Smoking - WE_CHN_SMK0_182_B2_0.xlsx||4,CHN_B2_0 - Smoking - WE_CHN_SMK0_182_B2_0.xlsx,4,"In my opinion, I agree with it, that is, smoking should be banned at all the restaurants.","In my opinion, I agree with it, /ERR/that is/ERR/, smoking should be banned at all the restaurants.",that is,2,ST_06|ST_07,1,0,0,high,high,high,low,2,0,0,1_0_0
CHN_B2_0 - Smoking - WE_CHN_SMK0_182_B2_0.xlsx||9,CHN_B2_0 - Smoking - WE_CHN_SMK0_182_B2_0.xlsx,9,So they will also smoke at public places such as restaurants.,So they will also smoke at /ERR/public places/ERR/ such as restaurants.,public places,2,ST_06|ST_07,1,0,0,high,high,high,low,2,0,0,1_0_0
CHN_B2_0 - Smoking - WE_CHN_SMK0_182_B2_0.xlsx||10,CHN_B2_0 - Smoking - WE_CHN_SMK0_182_B2_0.xlsx,10,"But nonsmokers hate it, they hate to smell it.","But nonsmokers hate it, they hate to /ERR/smell it/ERR/.",smell it,2,ST_06|ST_07,1,0,0,high,high,high,low,2,0,0,1_0_0
CHN_B2_0 - Smoking - WE_CHN_SMK0_182_B2_0.xlsx||11,CHN_B2_0 - Smoking - WE_CHN_SMK0_182_B2_0.xlsx,11,They even complain that they inhale the second-hand smoke in restaurants that would greatly harm to their health.,They even complain that they inhale the second-hand smoke in restaurants that would /ERR/greatly harm to their health/ERR/.,greatly harm to their health,2,ST_06|ST_07,1,0,0,low,high,high,high,1,0,0,1_0_0
CHN_B2_0 - Smoking - WE_CHN_SMK0_182_B2_0.xlsx||12,CHN_B2_0 - Smoking - WE_CHN_SMK0_182_B2_0.xlsx,12,"Therefore, it is really harmful to people in the restaurant.","Therefore, it is really harmful to /ERR/people in the restaurant/ERR/.",people in the restaurant,2,ST_06|ST_07,1,0,0,low,high,high,high,1,0,0,1_0_0
CHN_B2_0 - Smoking - WE_CHN_SMK0_182_B2_0.xlsx||14,CHN_B2_0 - Smoking - WE_CHN_SMK0_182_B2_0.xlsx,14,I hate them who smoke at the restaurant.,I hate /ERR/them who smoke/ERR/ at the restaurant.,them who smoke,2,ST_06|ST_07,1,1,0,low,low,high,high,1,1,0,1_1_0
CHN_B2_0 - Smoking - WE_CHN_SMK0_182_B2_0.xlsx||15,CHN_B2_0 - Smoking - WE_CHN_SMK0_182_B2_0.xlsx,15,Firstly it does harm to everyone.,Firstly /ERR/it does harm to everyone/ERR/.,it does harm to everyone,2,ST_06|ST_07,0,1,0,high,low,high,high,0,1,0,0_1_0
CHN_B2_0 - Smoking - WE_CHN_SMK0_182_B2_0.xlsx||16,CHN_B2_0 - Smoking - WE_CHN_SMK0_182_B2_0.xlsx,16,"Secondly, I think it is an irresponsible behavior.","Secondly, I think it is /ERR/an irresponsible behavior/ERR/.",an irresponsible behavior | the clean air | heart problem | the law to ban people smoking,2,ST_06|ST_07,1,1,0,low,low,high,high,2,2,0,1_1_0
JPN_A2_0 - Smoking - WE_JPN_SMK0_003_A2_0.xlsx||2,JPN_A2_0 - Smoking - WE_JPN_SMK0_003_A2_0.xlsx,2,"From the beginning, smoking is the bad things for health.","From the beginning, smoking is /ERR/the bad things for health/ERR/.",the bad things for health,2,ST_06|ST_08,1,1,1,low,low,low,high,1,1,1,1_1_1
JPN_A2_0 - Smoking - WE_JPN_SMK0_003_A2_0.xlsx||3,JPN_A2_0 - Smoking - WE_JPN_SMK0_003_A2_0.xlsx,3,"The man who likes smoking will disagree, smoking damage is for all people include not smoker.","/ERR/The man who likes smoking/ERR/ will disagree, smoking damage is for all people include not smoker.",The man who likes smoking,2,ST_06|ST_08,1,1,0,high,low,high,high,2,1,0,1_1_0
JPN_A2_0 - Smoking - WE_JPN_SMK0_003_A2_0.xlsx||4,JPN_A2_0 - Smoking - WE_JPN_SMK0_003_A2_0.xlsx,4,"The man who likes smoking will disagree, smoking damage is for all people include not smoker.","The man who likes smoking will disagree, /ERR/smoking damage/ERR/ is for all people include not smoker.",smoking damage,2,ST_06|ST_08,1,0,0,high,high,high,low,2,0,0,1_0_0
JPN_A2_0 - Smoking - WE_JPN_SMK0_003_A2_0.xlsx||5,JPN_A2_0 - Smoking - WE_JPN_SMK0_003_A2_0.xlsx,5,"The man who likes smoking will disagree, smoking damage is for all people include not smoker.","The man who likes smoking will disagree, smoking damage is for /ERR/all people include not smoker/ERR/.",all people include not smoker,2,ST_06|ST_08,1,1,0,low,high,high,high,1,2,0,1_1_0
JPN_A2_0 - Smoking - WE_JPN_SMK0_003_A2_0.xlsx||6,JPN_A2_0 - Smoking - WE_JPN_SMK0_003_A2_0.xlsx,6,From older to child come to the restaurant.,/ERR/From older to child/ERR/ come to the restaurant.,From older to child,2,ST_06|ST_08,0,1,0,high,low,high,high,0,1,0,0_1_0
JPN_A2_0 - Smoking - WE_JPN_SMK0_003_A2_0.xlsx||9,JPN_A2_0 - Smoking - WE_JPN_SMK0_003_A2_0.xlsx,9,And they have a pain and they can't enjoy talking.,And they /ERR/have a pain/ERR/ and they can't enjoy talking.,have a pain,2,ST_06|ST_08,1,1,1,high,low,low,high,2,1,1,1_1_1
JPN_A2_0 - Smoking - WE_JPN_SMK0_003_A2_0.xlsx||10,JPN_A2_0 - Smoking - WE_JPN_SMK0_003_A2_0.xlsx,10,I think that restaurant must be the place it is comfortable for all people.,I think that /ERR/restaurant/ERR/ must be the place it is comfortable for all people.,restaurant,2,ST_06|ST_08,1,0,0,high,high,high,low,2,0,0,1_0_0
JPN_A2_0 - Smoking - WE_JPN_SMK0_003_A2_0.xlsx||11,JPN_A2_0 - Smoking - WE_JPN_SMK0_003_A2_0.xlsx,11,I think that restaurant must be the place it is comfortable for all people.,I think that restaurant must be /ERR/the place it is comfortable for all people/ERR/.,the place it is comfortable for all people,2,ST_06|ST_08,0,1,0,high,low,high,high,0,1,0,0_1_0
JPN_A2_0 - Smoking - WE_JPN_SMK0_003_A2_0.xlsx||12,JPN_A2_0 - Smoking - WE_JPN_SMK0_003_A2_0.xlsx,12,"In addition, completely banning help to stop smoking for health.","In addition, /ERR/completely banning help to stop smoking/ERR/ for health.",completely banning help to stop smoking,2,ST_06|ST_08,0,1,1,high,high,low,high,0,2,1,0_1_1
JPN_A2_0 - Smoking - WE_JPN_SMK0_003_A2_0.xlsx||13,JPN_A2_0 - Smoking - WE_JPN_SMK0_003_A2_0.xlsx,13,"If the number of the place where forbid smoking increase, smoker should put up with smoking a long time.","If the number of /ERR/the place where forbid smoking increase/ERR/, smoker should put up with smoking a long time.",the place where forbid smoking increase,2,ST_06|ST_08,0,1,1,high,high,low,high,0,2,1,0_1_1
JPN_A2_0 - Smoking - WE_JPN_SMK0_003_A2_0.xlsx||14,JPN_A2_0 - Smoking - WE_JPN_SMK0_003_A2_0.xlsx,14,"If the number of the place where forbid smoking increase, smoker should put up with smoking a long time.","If the number of the place where forbid smoking increase, /ERR/smoker/ERR/ should put up with smoking a long time.",smoker,2,ST_06|ST_08,1,0,0,low,high,high,high,1,0,0,1_0_0
JPN_A2_0 - Smoking - WE_JPN_SMK0_003_A2_0.xlsx||15,JPN_A2_0 - Smoking - WE_JPN_SMK0_003_A2_0.xlsx,15,"If the number of the place where forbid smoking increase, smoker should put up with smoking a long time.","If the number of the place where forbid smoking increase, smoker should /ERR/put up with smoking a long time/ERR/.",put up with smoking a long time,2,ST_06|ST_08,1,1,0,low,high,high,high,1,2,0,1_1_0
JPN_A2_0 - Smoking - WE_JPN_SMK0_003_A2_0.xlsx||16,JPN_A2_0 - Smoking - WE_JPN_SMK0_003_A2_0.xlsx,16,"Today, divide the seats that allow smoking from the seats that forbid smoking in Japan.",/ERR/divide the seats that allow smoking from the seats that forbid smoking/ERR/ in Japan.,divide the seats that allow smoking from the seats that forbid smoking,2,ST_06|ST_08,0,1,1,high,high,low,high,0,2,1,0_1_1
JPN_A2_0 - Smoking - WE_JPN_SMK0_003_A2_0.xlsx||17,JPN_A2_0 - Smoking - WE_JPN_SMK0_003_A2_0.xlsx,17,"However, if we were the seats that forbid smoking, I feel uncomfortable by smoke.","However, if we were /ERR/the seats that forbid smoking/ERR/, I feel uncomfortable by smoke.",the seats that forbid smoking,2,ST_06|ST_08,1,1,1,low,high,low,high,1,2,1,1_1_1
JPN_A2_0 - Smoking - WE_JPN_SMK0_003_A2_0.xlsx||18,JPN_A2_0 - Smoking - WE_JPN_SMK0_003_A2_0.xlsx,18,"However, if we were the seats that forbid smoking, I feel uncomfortable by smoke.","However, if we were the seats that forbid smoking, I /ERR/feel uncomfortable by smoke/ERR/.",feel uncomfortable by smoke,2,ST_06|ST_08,0,1,1,high,high,low,high,0,2,1,0_1_1
JPN_A2_0 - Smoking - WE_JPN_SMK0_003_A2_0.xlsx||19,JPN_A2_0 - Smoking - WE_JPN_SMK0_003_A2_0.xlsx,19,It is because restaurant isn't perfect isolation.,It is because /ERR/restaurant/ERR/ isn't perfect isolation.,restaurant,2,ST_06|ST_08,1,0,0,low,high,high,high,1,0,0,1_0_0
JPN_A2_0 - Smoking - WE_JPN_SMK0_003_A2_0.xlsx||20,JPN_A2_0 - Smoking - WE_JPN_SMK0_003_A2_0.xlsx,20,It is because restaurant isn't perfect isolation.,It is because restaurant isn't /ERR/perfect isolation/ERR/.,perfect isolation,2,ST_06|ST_08,1,1,1,high,low,low,high,2,1,1,1_1_1
JPN_A2_0 - Smoking - WE_JPN_SMK0_003_A2_0.xlsx||21,JPN_A2_0 - Smoking - WE_JPN_SMK0_003_A2_0.xlsx,21,"If the man who says that smoking should not be completely banned at all the restaurants in the country, the reason will be smoker feel uncomfortable.","If /ERR/the man who says that smoking should not be completely banned/ERR/ at all the restaurants in the country, the reason will be smoker feel uncomfortable.",the man who says that smoking should not be completely banned,2,ST_06|ST_08,0,1,0,high,low,high,high,0,1,0,0_1_0
JPN_A2_0 - Smoking - WE_JPN_SMK0_003_A2_0.xlsx||22,JPN_A2_0 - Smoking - WE_JPN_SMK0_003_A2_0.xlsx,22,"If the man who says that smoking should not be completely banned at all the restaurants in the country, the reason will be smoker feel uncomfortable.","If the man who says that smoking should not be completely banned at all the restaurants in the country, the reason will be /ERR/smoker feel uncomfortable/ERR/.",smoker feel uncomfortable,2,ST_06|ST_08,1,0,0,low,high,high,high,1,0,0,1_0_0
JPN_A2_0 - Smoking - WE_JPN_SMK0_003_A2_0.xlsx||24,JPN_A2_0 - Smoking - WE_JPN_SMK0_003_A2_0.xlsx,24,I deal with the smoking room equality to toilet.,I /ERR/deal with the smoking room equality to toilet/ERR/.,deal with the smoking room equality to toilet,2,ST_06|ST_08,1,1,1,low,low,high,high,1,1,2,1_1_1
JPN_A2_0 - Smoking - WE_JPN_SMK0_003_A2_0.xlsx||25,JPN_A2_0 - Smoking - WE_JPN_SMK0_003_A2_0.xlsx,25,"It is completely private room, several seat in the room.","It is /ERR/completely private room/ERR/, several seat in the room.",completely private room,2,ST_06|ST_08,1,1,1,high,low,low,high,2,1,1,1_1_1
JPN_A2_0 - Smoking - WE_JPN_SMK0_003_A2_0.xlsx||26,JPN_A2_0 - Smoking - WE_JPN_SMK0_003_A2_0.xlsx,26,"It is completely private room, several seat in the room.","It is completely private room, /ERR/several seat in the room/ERR/.",several seat in the room,2,ST_06|ST_08,1,0,1,low,high,low,high,1,0,1,1_0_1
JPN_A2_0 - Smoking - WE_JPN_SMK0_007_A2_0.xlsx||2,JPN_A2_0 - Smoking - WE_JPN_SMK0_007_A2_0.xlsx,2,And I have three reasons to support my answer.,And I have three reasons to support /ERR/my answer/ERR/.,my answer,2,ST_10|ST_14,0,1,0,high,low,high,high,0,1,0,0_1_0
JPN_A2_0 - Smoking - WE_JPN_SMK0_007_A2_0.xlsx||3,JPN_A2_0 - Smoking - WE_JPN_SMK0_007_A2_0.xlsx,3,"First, I think we don't need to smoke in a restaurant, because we go to there to enjoy good dishes not to smoke.","First, I think we don't need to smoke in a restaurant, because we go to /ERR/there/ERR/ to enjoy good dishes not to smoke.",there,2,ST_10|ST_14,1,1,1,low,low,low,high,1,1,1,1_1_1
JPN_A2_0 - Smoking - WE_JPN_SMK0_007_A2_0.xlsx||4,JPN_A2_0 - Smoking - WE_JPN_SMK0_007_A2_0.xlsx,4,"First, I think we don't need to smoke in a restaurant, because we go to there to enjoy good dishes not to smoke.","First, I think we don't need to smoke in a restaurant, because we go to there to enjoy good dishes /ERR/not to smoke/ERR/.",not to smoke,2,ST_10|ST_14,1,0,0,low,high,high,high,1,0,0,1_0_0
JPN_A2_0 - Smoking - WE_JPN_SMK0_007_A2_0.xlsx||6,JPN_A2_0 - Smoking - WE_JPN_SMK0_007_A2_0.xlsx,6,"Second, I'd like to say that we can't enjoy tastes of dishes when we smoke, because smoke taste is really stronger than dishes.","Second, I'd like to say that we can't enjoy /ERR/tastes of dishes/ERR/ when we smoke, because smoke taste is really stronger than dishes.",tastes of dishes,2,ST_10|ST_14,1,1,0,high,low,high,high,2,1,0,1_1_0
JPN_A2_0 - Smoking - WE_JPN_SMK0_007_A2_0.xlsx||7,JPN_A2_0 - Smoking - WE_JPN_SMK0_007_A2_0.xlsx,7,"Second, I'd like to say that we can't enjoy tastes of dishes when we smoke, because smoke taste is really stronger than dishes.","Second, I'd like to say that we can't enjoy tastes of dishes when we smoke, because /ERR/smoke taste/ERR/ is really stronger than dishes.",smoke taste,2,ST_10|ST_14,1,1,0,low,high,high,high,1,2,0,1_1_0
JPN_A2_0 - Smoking - WE_JPN_SMK0_007_A2_0.xlsx||8,JPN_A2_0 - Smoking - WE_JPN_SMK0_007_A2_0.xlsx,8,"Second, I'd like to say that we can't enjoy tastes of dishes when we smoke, because smoke taste is really stronger than dishes.","Second, I'd like to say that we can't enjoy tastes of dishes when we smoke, because smoke taste is really /ERR/stronger than dishes/ERR/.",stronger than dishes,2,ST_10|ST_14,1,1,1,low,high,low,high,1,2,1,1_1_1
JPN_A2_0 - Smoking - WE_JPN_SMK0_007_A2_0.xlsx||9,JPN_A2_0 - Smoking - WE_JPN_SMK0_007_A2_0.xlsx,9,I think we can't have a good lunch or dinner even we go to a restaurant to enjoy dishes.,I think we can't have a good lunch or dinner /ERR/even we go to a restaurant/ERR/ to enjoy dishes.,even we go to a restaurant,2,ST_10|ST_14,1,1,1,low,low,high,high,1,1,2,1_1_1
JPN_A2_0 - Smoking - WE_JPN_SMK0_007_A2_0.xlsx||10,JPN_A2_0 - Smoking - WE_JPN_SMK0_007_A2_0.xlsx,10,"Third, smoke is not good for health of the non-smoke people who come to a restaurant.","Third, smoke is not good for /ERR/health of the non-smoke people/ERR/ who come to a restaurant.",health of the non-smoke people,2,ST_10|ST_14,1,0,1,high,high,low,high,2,0,1,1_0_1
JPN_A2_0 - Smoking - WE_JPN_SMK0_007_A2_0.xlsx||11,JPN_A2_0 - Smoking - WE_JPN_SMK0_007_A2_0.xlsx,11,Non-smoke people must breathe smoke when someone smokes in a restaurant even if non-smoke people don't hope it.,/ERR/Non-smoke people/ERR/ must breathe smoke when someone smokes in a restaurant even if non-smoke people don't hope it.,Non-smoke people,2,ST_10|ST_14,1,1,0,low,low,high,high,1,1,0,1_1_0
JPN_A2_0 - Smoking - WE_JPN_SMK0_007_A2_0.xlsx||12,JPN_A2_0 - Smoking - WE_JPN_SMK0_007_A2_0.xlsx,12,Non-smoke people must breathe smoke when someone smokes in a restaurant even if non-smoke people don't hope it.,Non-smoke people must breathe smoke when someone smokes in a restaurant even if non-smoke people /ERR/don't hope it/ERR/.,don't hope it,2,ST_10|ST_14,1,0,0,low,high,high,high,1,0,0,1_0_0
JPN_A2_0 - Smoking - WE_JPN_SMK0_007_A2_0.xlsx||13,JPN_A2_0 - Smoking - WE_JPN_SMK0_007_A2_0.xlsx,13,Non-smoke people must lose their chances to have a good lunch or dinner because of smoking.,Non-smoke people must /ERR/lose their chances/ERR/ to have a good lunch or dinner because of smoking.,lose their chances,2,ST_10|ST_14,0,1,1,high,high,low,high,0,2,1,0_1_1
JPN_A2_0 - Smoking - WE_JPN_SMK0_007_A2_0.xlsx||14,JPN_A2_0 - Smoking - WE_JPN_SMK0_007_A2_0.xlsx,14,"And smoke is not good for our health and taste of dishes, especially for children of growing up.","And smoke is not good for our health and /ERR/taste of dishes/ERR/, especially for children of growing up.",taste of dishes,2,ST_10|ST_14,1,0,1,low,high,high,high,1,0,2,1_0_1
JPN_A2_0 - Smoking - WE_JPN_SMK0_007_A2_0.xlsx||15,JPN_A2_0 - Smoking - WE_JPN_SMK0_007_A2_0.xlsx,15,"And smoke is not good for our health and taste of dishes, especially for children of growing up.","And smoke is not good for our health and taste of dishes, especially for /ERR/children of growing up/ERR/.",children of growing up,2,ST_10|ST_14,1,1,0,low,low,high,high,1,1,0,1_1_0
JPN_A2_0 - Smoking - WE_JPN_SMK0_007_A2_0.xlsx||17,JPN_A2_0 - Smoking - WE_JPN_SMK0_007_A2_0.xlsx,17,"Because we don't go to a restaurant to smoke, we can't enjoy dishes when smoke and smoke is not good health of non-smoke people especially for children.","Because we don't go to a restaurant to smoke, we can't enjoy dishes /ERR/when smoke/ERR/ and smoke is not good health of non-smoke people especially for children.",when smoke,2,ST_10|ST_14,1,1,1,low,low,low,high,1,1,1,1_1_1
JPN_A2_0 - Smoking - WE_JPN_SMK0_007_A2_0.xlsx||18,JPN_A2_0 - Smoking - WE_JPN_SMK0_007_A2_0.xlsx,18,"Because we don't go to a restaurant to smoke, we can't enjoy dishes when smoke and smoke is not good health of non-smoke people especially for children.","Because we don't go to a restaurant to smoke, we can't enjoy dishes when smoke and smoke is not /ERR/good health of non-smoke people/ERR/ especially for children.",good health of non-smoke people,2,ST_10|ST_14,1,0,1,low,high,high,high,1,0,2,1_0_1
JPN_B1_2 - Smoking - WE_JPN_SMK0_010_B1_2.xlsx||2,JPN_B1_2 - Smoking - WE_JPN_SMK0_010_B1_2.xlsx,2,"There are two reasons, health problem and manner.","There are two reasons, /ERR/health problem and manner/ERR/.",health problem and manner,2,ST_03|ST_08,1,1,1,low,low,high,high,1,1,2,1_1_1
JPN_B1_2 - Smoking - WE_JPN_SMK0_010_B1_2.xlsx||3,JPN_B1_2 - Smoking - WE_JPN_SMK0_010_B1_2.xlsx,3,"First, smoking makes health problem.","First, smoking /ERR/makes health problem/ERR/.",makes health problem,2,ST_03|ST_08,1,1,1,low,low,low,high,1,1,1,1_1_1
JPN_B1_2 - Smoking - WE_JPN_SMK0_010_B1_2.xlsx||5,JPN_B1_2 - Smoking - WE_JPN_SMK0_010_B1_2.xlsx,5,"If a smoker has disease like cancer in his lumps by smoking, it is his responsibility.","If a smoker has disease like cancer in his /ERR/lumps/ERR/ by smoking, it is his responsibility.",lumps,2,ST_03|ST_08,1,1,1,high,low,high,high,2,1,2,1_1_1
JPN_B1_2 - Smoking - WE_JPN_SMK0_010_B1_2.xlsx||6,JPN_B1_2 - Smoking - WE_JPN_SMK0_010_B1_2.xlsx,6,"However, if a person who doesn't do smoking becomes in such situation, he will want to claim about it.","However, if a person who /ERR/doesn't do smoking/ERR/ becomes in such situation, he will want to claim about it.",doesn't do smoking,2,ST_03|ST_08,1,1,0,high,low,high,high,2,1,0,1_1_0
JPN_B1_2 - Smoking - WE_JPN_SMK0_010_B1_2.xlsx||7,JPN_B1_2 - Smoking - WE_JPN_SMK0_010_B1_2.xlsx,7,"However, if a person who doesn't do smoking becomes in such situation, he will want to claim about it.","However, if a person who doesn't do smoking /ERR/becomes in such situation/ERR/, he will want to claim about it.",becomes in such situation,2,ST_03|ST_08,1,1,1,low,high,low,high,1,2,1,1_1_1
JPN_B1_2 - Smoking - WE_JPN_SMK0_010_B1_2.xlsx||8,JPN_B1_2 - Smoking - WE_JPN_SMK0_010_B1_2.xlsx,8,"However, if a person who doesn't do smoking becomes in such situation, he will want to claim about it.","However, if a person who doesn't do smoking becomes in such situation, he will want to /ERR/claim about it/ERR/.",claim about it,2,ST_03|ST_08,1,1,1,high,low,high,high,2,1,2,1_1_1
JPN_B1_2 - Smoking - WE_JPN_SMK0_010_B1_2.xlsx||9,JPN_B1_2 - Smoking - WE_JPN_SMK0_010_B1_2.xlsx,9,"Of course, we can't know all such disease is caused by smoking people.","Of course, we can't know all such /ERR/disease is caused by smoking people/ERR/.",disease is caused by smoking people,2,ST_03|ST_08,1,1,1,low,high,low,high,1,2,1,1_1_1
JPN_B1_2 - Smoking - WE_JPN_SMK0_010_B1_2.xlsx||10,JPN_B1_2 - Smoking - WE_JPN_SMK0_010_B1_2.xlsx,10,But there is possibility to become disease in the future when someone smokes at a restaurant.,But there is /ERR/possibility to become disease/ERR/ in the future when someone smokes at a restaurant.,possibility to become disease,2,ST_03|ST_08,1,1,1,low,high,low,high,1,2,1,1_1_1
JPN_B1_2 - Smoking - WE_JPN_SMK0_010_B1_2.xlsx||11,JPN_B1_2 - Smoking - WE_JPN_SMK0_010_B1_2.xlsx,11,"Second, it is manner not to smoke in public space in today's Japan.","Second, it is /ERR/manner not to smoke/ERR/ in public space in today's Japan.",manner not to smoke,2,ST_03|ST_08,1,1,1,low,high,high,high,1,2,2,1_1_1
JPN_B1_2 - Smoking - WE_JPN_SMK0_010_B1_2.xlsx||12,JPN_B1_2 - Smoking - WE_JPN_SMK0_010_B1_2.xlsx,12,"Smoking makes a lot of people feel bad, so not to smoke in public space is good manner.","Smoking makes a lot of people feel bad, so /ERR/not to smoke in public space is good manner/ERR/.",not to smoke in public space is good manner,2,ST_03|ST_08,1,1,0,low,high,high,high,1,2,0,1_1_0
JPN_B1_2 - Smoking - WE_JPN_SMK0_010_B1_2.xlsx||15,JPN_B1_2 - Smoking - WE_JPN_SMK0_010_B1_2.xlsx,15,You will not do makeup in a train because it is manner and it makes many people feel bad.,You will not /ERR/do makeup in a train/ERR/ because it is manner and it makes many people feel bad.,do makeup in a train,2,ST_03|ST_08,1,0,0,high,high,high,low,2,0,0,1_0_0
JPN_B1_2 - Smoking - WE_JPN_SMK0_010_B1_2.xlsx||16,JPN_B1_2 - Smoking - WE_JPN_SMK0_010_B1_2.xlsx,16,You will not do makeup in a train because it is manner and it makes many people feel bad.,You will not do makeup in a train because it is /ERR/manner/ERR/ and it makes many people feel bad.,manner,2,ST_03|ST_08,1,1,1,high,low,high,high,2,1,2,1_1_1
JPN_B1_2 - Smoking - WE_JPN_SMK0_010_B1_2.xlsx||17,JPN_B1_2 - Smoking - WE_JPN_SMK0_010_B1_2.xlsx,17,But some people do makeup in a train though they know it is bad manner.,But some people do makeup in a train though they know it is /ERR/bad manner/ERR/.,bad manner,2,ST_03|ST_08,0,0,1,high,high,low,high,0,0,1,0_0_1
JPN_B1_2 - Smoking - WE_JPN_SMK0_010_B1_2.xlsx||18,JPN_B1_2 - Smoking - WE_JPN_SMK0_010_B1_2.xlsx,18,It is same as smoking.,It is /ERR/same as smoking/ERR/.,same as smoking,2,ST_03|ST_08,0,1,1,high,high,low,high,0,2,1,0_1_1
JPN_B1_2 - Smoking - WE_JPN_SMK0_010_B1_2.xlsx||19,JPN_B1_2 - Smoking - WE_JPN_SMK0_010_B1_2.xlsx,19,"If we don't ban smoking clearly, some people will smoke at a restaurant in spite of knowing that many people hate it.","If we don't /ERR/ban smoking clearly/ERR/, some people will smoke at a restaurant in spite of knowing that many people hate it.",ban smoking clearly,2,ST_03|ST_08,1,1,0,high,high,high,low,2,2,0,1_1_0
JPN_B1_2 - Smoking - WE_JPN_SMK0_010_B1_2.xlsx||20,JPN_B1_2 - Smoking - WE_JPN_SMK0_010_B1_2.xlsx,20,"For these two reasons, I think that smoking have to be completely banned at all the restaurants in the country.","For these two reasons, I think that smoking /ERR/have to be completely banned/ERR/ at all the restaurants in the country.",have to be completely banned,2,ST_03|ST_08,1,1,0,low,low,high,high,1,1,0,1_1_0
JPN_B2_0 - Smoking - WE_JPN_SMK0_004_B2_0.xlsx||3,JPN_B2_0 - Smoking - WE_JPN_SMK0_004_B2_0.xlsx,3,I heard that it's poisonous to smoke somebody's smoke.,I heard that it's poisonous to /ERR/smoke somebody's smoke/ERR/.,smoke somebody's smoke,2,ST_05|ST_16,1,0,1,low,high,low,high,1,0,1,1_0_1
JPN_B2_0 - Smoking - WE_JPN_SMK0_004_B2_0.xlsx||4,JPN_B2_0 - Smoking - WE_JPN_SMK0_004_B2_0.xlsx,4,"I mean if someone smoke in front of non-smoker, the non-smoker could be affected sometimes more than smokers.","I mean if someone /ERR/smoke in front of non-smoker/ERR/, the non-smoker could be affected sometimes more than smokers.",smoke in front of non-smoker,2,ST_05|ST_16,1,0,0,low,high,high,high,1,0,0,1_0_0
JPN_B2_0 - Smoking - WE_JPN_SMK0_004_B2_0.xlsx||5,JPN_B2_0 - Smoking - WE_JPN_SMK0_004_B2_0.xlsx,5,"Some restaurants separate the seat for non-smoker, but the smoke could reach to non-smoker.","Some restaurants separate /ERR/the seat for non-smoker/ERR/, but the smoke could reach to non-smoker.",the seat for non-smoker,2,ST_05|ST_16,1,0,0,high,high,high,low,2,0,0,1_0_0
JPN_B2_0 - Smoking - WE_JPN_SMK0_004_B2_0.xlsx||6,JPN_B2_0 - Smoking - WE_JPN_SMK0_004_B2_0.xlsx,6,"Some restaurants separate the seat for non-smoker, but the smoke could reach to non-smoker.","Some restaurants separate the seat for non-smoker, but the smoke could /ERR/reach to non-smoker/ERR/.",reach to non-smoker,2,ST_05|ST_16,1,0,0,low,high,high,high,1,0,0,1_0_0
JPN_B2_0 - Smoking - WE_JPN_SMK0_004_B2_0.xlsx||8,JPN_B2_0 - Smoking - WE_JPN_SMK0_004_B2_0.xlsx,8,"In many countries, smoking in the restaurant is not arrowed.","In many countries, smoking in the restaurant is not /ERR/arrowed/ERR/.",arrowed,2,ST_05|ST_16,1,0,1,low,high,low,high,1,0,1,1_0_1
JPN_B2_0 - Smoking - WE_JPN_SMK0_004_B2_0.xlsx||9,JPN_B2_0 - Smoking - WE_JPN_SMK0_004_B2_0.xlsx,9,Japan is too unconscious about smoking problem.,Japan is too /ERR/unconscious about smoking problem/ERR/.,unconscious about smoking problem,2,ST_05|ST_16,1,0,0,low,high,high,high,1,0,0,1_0_0
JPN_B2_0 - Smoking - WE_JPN_SMK0_004_B2_0.xlsx||14,JPN_B2_0 - Smoking - WE_JPN_SMK0_004_B2_0.xlsx,14,"I can't say them to stop smoking though I worried about their health, as I also know how hard to stop it and they want to stop if they can.","I can't /ERR/say them to stop smoking/ERR/ though I worried about their health, as I also know how hard to stop it and they want to stop if they can.",say them to stop smoking,2,ST_05|ST_16,1,0,0,low,high,high,high,1,0,0,1_0_0
JPN_B2_0 - Smoking - WE_JPN_SMK0_004_B2_0.xlsx||15,JPN_B2_0 - Smoking - WE_JPN_SMK0_004_B2_0.xlsx,15,"I can't say them to stop smoking though I worried about their health, as I also know how hard to stop it and they want to stop if they can.","I can't say them to stop smoking though I /ERR/worried about their health/ERR/, as I also know how hard to stop it and they want to stop if they can.",worried about their health,2,ST_05|ST_16,1,0,0,low,high,high,high,1,0,0,1_0_0
JPN_B2_0 - Smoking - WE_JPN_SMK0_004_B2_0.xlsx||16,JPN_B2_0 - Smoking - WE_JPN_SMK0_004_B2_0.xlsx,16,One of my friends who often smoke said that she doesn't know how to stop smoking so she wants something changeable stuff without poisonous.,One of my friends who often /ERR/smoke/ERR/ said that she doesn't know how to stop smoking so she wants something changeable stuff without poisonous.,smoke,2,ST_05|ST_16,0,0,1,high,high,low,high,0,0,1,0_0_1
JPN_B2_0 - Smoking - WE_JPN_SMK0_004_B2_0.xlsx||17,JPN_B2_0 - Smoking - WE_JPN_SMK0_004_B2_0.xlsx,17,One of my friends who often smoke said that she doesn't know how to stop smoking so she wants something changeable stuff without poisonous.,One of my friends who often smoke said that she doesn't know how to stop smoking so she wants /ERR/something changeable stuff/ERR/ without poisonous.,something changeable stuff,2,ST_05|ST_16,1,1,1,low,low,low,high,1,1,1,1_1_1
JPN_B2_0 - Smoking - WE_JPN_SMK0_004_B2_0.xlsx||18,JPN_B2_0 - Smoking - WE_JPN_SMK0_004_B2_0.xlsx,18,One of my friends who often smoke said that she doesn't know how to stop smoking so she wants something changeable stuff without poisonous.,One of my friends who often smoke said that she doesn't know how to stop smoking so she wants something changeable stuff /ERR/without poisonous/ERR/.,without poisonous,2,ST_05|ST_16,1,0,1,low,high,low,high,1,0,1,1_0_1
JPN_B2_0 - Smoking - WE_JPN_SMK0_004_B2_0.xlsx||19,JPN_B2_0 - Smoking - WE_JPN_SMK0_004_B2_0.xlsx,19,"I don't think smoking should be banned completely everywhere so far because it would be so hard for smokers, but I hope something changeable stuff will be made as she said.","I don't think smoking should be banned completely everywhere /ERR/so far/ERR/ because it would be so hard for smokers, but I hope something changeable stuff will be made as she said.",so far,2,ST_05|ST_16,1,1,0,low,low,high,high,1,1,0,1_1_0
JPN_B2_0 - Smoking - WE_JPN_SMK0_004_B2_0.xlsx||20,JPN_B2_0 - Smoking - WE_JPN_SMK0_004_B2_0.xlsx,20,"I don't think smoking should be banned completely everywhere so far because it would be so hard for smokers, but I hope something changeable stuff will be made as she said.","I don't think smoking should be banned completely everywhere so far because it would be so hard for smokers, but I hope /ERR/something changeable stuff/ERR/ will be made as she said.",something changeable stuff,2,ST_05|ST_16,1,1,1,low,low,low,high,1,1,1,1_1_1
JPN_B2_0 - Smoking - WE_JPN_SMK0_004_B2_0.xlsx||22,JPN_B2_0 - Smoking - WE_JPN_SMK0_004_B2_0.xlsx,22,We should think for not only non-smokers but also smokers.,We should /ERR/think for not only non-smokers but also smokers/ERR/.,think for not only non-smokers but also smokers,2,ST_05|ST_16,1,0,0,low,high,high,high,1,0,0,1_0_0
JPN_B2_0 - Smoking - WE_JPN_SMK0_012_B2_0.xlsx||2,JPN_B2_0 - Smoking - WE_JPN_SMK0_012_B2_0.xlsx,2,"In my opinion, smoking should not be banned completely in two reasons.","In my opinion, smoking should not be banned completely /ERR/in two reasons/ERR/.",in two reasons,2,ST_02|ST_05,1,0,0,low,high,high,high,1,0,0,1_0_0
JPN_B2_0 - Smoking - WE_JPN_SMK0_012_B2_0.xlsx||3,JPN_B2_0 - Smoking - WE_JPN_SMK0_012_B2_0.xlsx,3,"First, smoker has a right to smoke as long as it doesn't become a nuisance to public people.","First, smoker has a right to smoke as long as it doesn't become a nuisance to /ERR/public people/ERR/.",public people,2,ST_02|ST_05,1,0,0,high,high,high,low,2,0,0,1_0_0
JPN_B2_0 - Smoking - WE_JPN_SMK0_012_B2_0.xlsx||5,JPN_B2_0 - Smoking - WE_JPN_SMK0_012_B2_0.xlsx,5,"In some public place where we can't separate non-smoker from smoker such as sidewalks in a big city or platform at station during rush hour, I think, of course, we should ban smoking completely.","In some public place where we can't separate non-smoker from smoker such as sidewalks in a big city or /ERR/platform at station/ERR/ during rush hour, I think, of course, we should ban smoking completely.",platform at station,2,ST_02|ST_05,1,1,0,low,low,high,high,1,1,0,1_1_0
JPN_B2_0 - Smoking - WE_JPN_SMK0_012_B2_0.xlsx||6,JPN_B2_0 - Smoking - WE_JPN_SMK0_012_B2_0.xlsx,6,"But if we just set the table for smokers, no problem could be happen.","But if we just /ERR/set the table for smokers/ERR/, no problem could be happen.",set the table for smokers,2,ST_02|ST_05,0,0,1,high,high,low,high,0,0,1,0_0_1
JPN_B2_0 - Smoking - WE_JPN_SMK0_012_B2_0.xlsx||7,JPN_B2_0 - Smoking - WE_JPN_SMK0_012_B2_0.xlsx,7,"But if we just set the table for smokers, no problem could be happen.","But if we just set the table for smokers, no problem /ERR/could be happen/ERR/.",could be happen,2,ST_02|ST_05,1,0,1,low,high,low,high,1,0,1,1_0_1
JPN_B2_0 - Smoking - WE_JPN_SMK0_012_B2_0.xlsx||8,JPN_B2_0 - Smoking - WE_JPN_SMK0_012_B2_0.xlsx,8,"Actually, at many restaurants they arrange tables for both people (smoker and non-smoker), and this is consider to be a good idea and seems to have been succeeded.","Actually, at many restaurants they arrange tables for both people (smoker and non-smoker), and this is /ERR/consider to be/ERR/ a good idea and seems to have been succeeded.",consider to be,2,ST_02|ST_05,0,1,0,high,high,high,low,0,2,0,0_1_0
JPN_B2_0 - Smoking - WE_JPN_SMK0_012_B2_0.xlsx||9,JPN_B2_0 - Smoking - WE_JPN_SMK0_012_B2_0.xlsx,9,"Actually, at many restaurants they arrange tables for both people (smoker and non-smoker), and this is consider to be a good idea and seems to have been succeeded.","Actually, at many restaurants they arrange tables for both people (smoker and non-smoker), and this is consider to be a good idea and seems to have been /ERR/succeeded/ERR/.",succeeded,2,ST_02|ST_05,1,1,0,low,low,high,high,1,1,0,1_1_0
JPN_B2_0 - Smoking - WE_JPN_SMK0_012_B2_0.xlsx||10,JPN_B2_0 - Smoking - WE_JPN_SMK0_012_B2_0.xlsx,10,"Second, if smoking were banned completely at all restaurants, smokers will hesitate to enter restaurants.","Second, if smoking were banned completely at all restaurants, smokers /ERR/will hesitate to enter restaurants/ERR/.",will hesitate to enter restaurants,2,ST_02|ST_05,1,0,0,low,high,high,high,1,0,0,1_0_0
JPN_B2_0 - Smoking - WE_JPN_SMK0_012_B2_0.xlsx||11,JPN_B2_0 - Smoking - WE_JPN_SMK0_012_B2_0.xlsx,11,"In this situation, the profit of restaurants would be decreasing and at last economy would also be going down.","In this situation, the profit of restaurants would be decreasing and /ERR/at last economy/ERR/ would also be going down.",at last economy,2,ST_02|ST_05,0,0,1,high,high,high,low,0,0,2,0_0_1
JPN_B2_0 - Smoking - WE_JPN_SMK0_012_B2_0.xlsx||15,JPN_B2_0 - Smoking - WE_JPN_SMK0_012_B2_0.xlsx,15,"So, if we shut out those people from restaurants or café, there would be negative impact on Japanese Economy.","So, if we shut out those people from restaurants or café, there would be /ERR/negative impact on Japanese Economy/ERR/.",negative impact on Japanese Economy,2,ST_02|ST_05,1,1,0,low,low,high,high,1,1,0,1_1_0
KOR_A2_0 - Smoking - WE_KOR_SMK0_005_A2_0.xlsx||3,KOR_A2_0 - Smoking - WE_KOR_SMK0_005_A2_0.xlsx,3,"Someone who smoked cigarettes in public places, the people he or she may get sick due to tobacco, and, you know, secondhand smoke is more dangerous than direct smoke.","/ERR/Someone who smoked cigarettes in public places, the people he or she may get sick due to tobacco/ERR/, and, you know, secondhand smoke is more dangerous than direct smoke.","Someone who smoked cigarettes in public places, the people he or she may get sick due to tobacco",2,ST_03|ST_16,0,1,1,high,high,low,high,0,2,1,0_1_1
KOR_A2_0 - Smoking - WE_KOR_SMK0_005_A2_0.xlsx||4,KOR_A2_0 - Smoking - WE_KOR_SMK0_005_A2_0.xlsx,4,Because smoking in public places because of the obvious etiquette.,/ERR/Because smoking in public places because of the obvious etiquette/ERR/.,Because smoking in public places because of the obvious etiquette,2,ST_03|ST_16,1,1,1,low,low,low,high,1,1,1,1_1_1
KOR_A2_0 - Smoking - WE_KOR_SMK0_005_A2_0.xlsx||5,KOR_A2_0 - Smoking - WE_KOR_SMK0_005_A2_0.xlsx,5,"In addition, smoking in public places give a relative sense, because the discomfort.","In addition, smoking in public places /ERR/give a relative sense, because the discomfort/ERR/.","give a relative sense, because the discomfort",2,ST_03|ST_16,0,1,1,high,low,low,high,0,1,1,0_1_1
KOR_A2_0 - Smoking - WE_KOR_SMK0_005_A2_0.xlsx||6,KOR_A2_0 - Smoking - WE_KOR_SMK0_005_A2_0.xlsx,6,"First of all, smoking in public places gives go give enormous damage.","First of all, smoking in public places /ERR/gives go give enormous damage/ERR/.",gives go give enormous damage,2,ST_03|ST_16,0,1,1,high,low,low,high,0,1,1,0_1_1
KOR_A2_0 - Smoking - WE_KOR_SMK0_005_A2_0.xlsx||8,KOR_A2_0 - Smoking - WE_KOR_SMK0_005_A2_0.xlsx,8,"Due to secondhand smoke in 1996 2,277 people died from lung cancer were Korean women, if the husband did not smoke they would have been approximately 800 lung cancer deaths of women could have been prevented, he said.","/ERR/Due to secondhand smoke in 1996 2,277 people died from lung cancer were Korean women, if the husband did not smoke they would have been approximately 800 lung cancer deaths of women could have been prevented, he said/ERR/.","Due to secondhand smoke in 1996 2,277 people died from lung cancer were Korean women, if the husband did not smoke they would have been approximately 800 lung cancer deaths of women could have been prevented, he said",2,ST_03|ST_16,1,1,0,low,low,high,high,1,1,0,1_1_0
KOR_A2_0 - Smoking - WE_KOR_SMK0_005_A2_0.xlsx||9,KOR_A2_0 - Smoking - WE_KOR_SMK0_005_A2_0.xlsx,9,"So, smoking in public places, as well as smokers in public places that bring a lot of damage to people's behavior.","So, smoking in public places, as well as /ERR/smokers in public places that bring a lot of damage to people's behavior/ERR/.",smokers in public places that bring a lot of damage to people's behavior,2,ST_03|ST_16,0,1,0,high,high,high,low,0,2,0,0_1_0
KOR_A2_0 - Smoking - WE_KOR_SMK0_005_A2_0.xlsx||10,KOR_A2_0 - Smoking - WE_KOR_SMK0_005_A2_0.xlsx,10,"Second, because smokers in public places smoking law will be able to reduce the number of smokers.","Second, because /ERR/smokers in public places smoking law will be able to reduce the number of smokers/ERR/.",smokers in public places smoking law will be able to reduce the number of smokers,2,ST_03|ST_16,0,1,1,high,high,low,high,0,2,1,0_1_1
KOR_A2_0 - Smoking - WE_KOR_SMK0_005_A2_0.xlsx||11,KOR_A2_0 - Smoking - WE_KOR_SMK0_005_A2_0.xlsx,11,"Because in a public place away from public places smoke-free due to having to smoke, because the number of smokers would be able to give you one because I think.","/ERR/Because in a public place away from public places smoke-free due to having to smoke, because the number of smokers would be able to give you one because I think/ERR/.","Because in a public place away from public places smoke-free due to having to smoke, because the number of smokers would be able to give you one because I think",2,ST_03|ST_16,0,1,1,high,low,high,high,0,1,2,0_1_1
KOR_A2_0 - Smoking - WE_KOR_SMK0_005_A2_0.xlsx||12,KOR_A2_0 - Smoking - WE_KOR_SMK0_005_A2_0.xlsx,12,"Smoking in public places to the end of the act that brings harm on you, so should smoking.","/ERR/Smoking in public places to the end of the act that brings harm on you, so should smoking/ERR/.","Smoking in public places to the end of the act that brings harm on you, so should smoking",2,ST_03|ST_16,0,1,1,high,high,high,low,0,2,2,0_1_1
KOR_A2_0 - Smoking - WE_KOR_SMK0_006_A2_0.xlsx||1,KOR_A2_0 - Smoking - WE_KOR_SMK0_006_A2_0.xlsx,1,These days smokers are get no consideration for others in a restaurant.,These days smokers /ERR/are get no consideration/ERR/ for others in a restaurant.,are get no consideration,2,ST_01|ST_14,1,1,1,high,high,high,low,2,2,2,1_1_1
KOR_A2_0 - Smoking - WE_KOR_SMK0_006_A2_0.xlsx||3,KOR_A2_0 - Smoking - WE_KOR_SMK0_006_A2_0.xlsx,3,They appear that smoking is harmful to other people.,/ERR/They appear that smoking is harmful to other people/ERR/.,They appear that smoking is harmful to other people,2,ST_01|ST_14,1,0,1,low,high,low,high,1,0,1,1_0_1
KOR_A2_0 - Smoking - WE_KOR_SMK0_006_A2_0.xlsx||5,KOR_A2_0 - Smoking - WE_KOR_SMK0_006_A2_0.xlsx,5,"Because not only smoking is very harmful to their health, but also smoking is more harmful to cigarette smoke breathing people.","Because not only smoking is very harmful to their health, but also smoking is more harmful to /ERR/cigarette smoke breathing people/ERR/.",cigarette smoke breathing people,2,ST_01|ST_14,1,1,1,low,low,low,high,1,1,1,1_1_1
KOR_A2_0 - Smoking - WE_KOR_SMK0_006_A2_0.xlsx||6,KOR_A2_0 - Smoking - WE_KOR_SMK0_006_A2_0.xlsx,6,Smoking can lead to various cancer and various diseases.,Smoking can lead to /ERR/various cancer/ERR/ and various diseases.,various cancer,2,ST_01|ST_14,1,0,0,low,high,high,high,1,0,0,1_0_0
KOR_A2_0 - Smoking - WE_KOR_SMK0_006_A2_0.xlsx||7,KOR_A2_0 - Smoking - WE_KOR_SMK0_006_A2_0.xlsx,7,"Because of many people and all ages in a restaurant, smoker is much damage to children, older people, pregnant woman and other people.","Because of many people and all ages in a restaurant, /ERR/smoker is much damage/ERR/ to children, older people, pregnant woman and other people.",smoker is much damage,2,ST_01|ST_14,1,1,1,high,high,high,low,2,2,2,1_1_1
KOR_A2_0 - Smoking - WE_KOR_SMK0_006_A2_0.xlsx||9,KOR_A2_0 - Smoking - WE_KOR_SMK0_006_A2_0.xlsx,9,Therefore passive smoking breath people increase risk of various cancer and various diseases.,Therefore /ERR/passive smoking breath people/ERR/ increase risk of various cancer and various diseases.,passive smoking breath people,2,ST_01|ST_14,1,1,1,high,high,high,low,2,2,2,1_1_1
KOR_A2_0 - Smoking - WE_KOR_SMK0_006_A2_0.xlsx||10,KOR_A2_0 - Smoking - WE_KOR_SMK0_006_A2_0.xlsx,10,"So, people who don't smoking is very angry.","So, people who /ERR/don't smoking/ERR/ is very angry.",don't smoking,2,ST_01|ST_14,1,1,1,low,high,low,high,1,2,1,1_1_1
KOR_A2_0 - Smoking - WE_KOR_SMK0_006_A2_0.xlsx||11,KOR_A2_0 - Smoking - WE_KOR_SMK0_006_A2_0.xlsx,11,"Besides, smoking smell is terrible so, food taste is lost.","Besides, /ERR/smoking smell/ERR/ is terrible so, /ERR/food taste is lost/ERR/.",smoking smell,2,ST_01|ST_14,1,1,0,high,low,high,high,2,1,0,1_1_0
KOR_A2_0 - Smoking - WE_KOR_SMK0_006_A2_0.xlsx||12,KOR_A2_0 - Smoking - WE_KOR_SMK0_006_A2_0.xlsx,12,And restaurants had better make smoking room.,And restaurants had better make /ERR/smoking room/ERR/.,smoking room,2,ST_01|ST_14,0,1,1,high,high,low,high,0,2,1,0_1_1
KOR_A2_0 - Smoking - WE_KOR_SMK0_006_A2_0.xlsx||13,KOR_A2_0 - Smoking - WE_KOR_SMK0_006_A2_0.xlsx,13,People who smoke cigarette must don't smoke in a restaurant.,People who smoke cigarette must /ERR/don't smoke/ERR/ in a restaurant.,don't smoke,2,ST_01|ST_14,1,1,0,low,high,high,high,1,2,0,1_1_0
KOR_A2_0 - Smoking - WE_KOR_SMK0_006_A2_0.xlsx||14,KOR_A2_0 - Smoking - WE_KOR_SMK0_006_A2_0.xlsx,14,"If they want smoking, they smoke out restaurant for many people's health in a restaurant.","If they want smoking, they smoke /ERR/out restaurant/ERR/ for many people's health in a restaurant.",out restaurant,2,ST_01|ST_14,1,1,1,high,low,low,high,2,1,1,1_1_1
KOR_A2_0 - Smoking - WE_KOR_SMK0_006_A2_0.xlsx||15,KOR_A2_0 - Smoking - WE_KOR_SMK0_006_A2_0.xlsx,15,"Also, restaurants need restrictions to smokers.","Also, restaurants need /ERR/restrictions to smokers/ERR/.",restrictions to smokers,2,ST_01|ST_14,1,1,0,low,low,high,high,1,1,0,1_1_0
KOR_A2_0 - Smoking - WE_KOR_SMK0_006_A2_0.xlsx||16,KOR_A2_0 - Smoking - WE_KOR_SMK0_006_A2_0.xlsx,16,Smoker needs more consideration for others in a restaurant and they realize that their smoking is harmful to other people's health.,/ERR/Smoker needs more consideration for others in a restaurant and they realize that their smoking is harmful to other people's health/ERR/.,Smoker needs more consideration for others in a restaurant and they realize that their smoking is harmful to other people's health,2,ST_01|ST_14,1,1,0,low,low,high,high,1,1,0,1_1_0
KOR_A2_0 - Smoking - WE_KOR_SMK0_018_A2_0.xlsx||2,KOR_A2_0 - Smoking - WE_KOR_SMK0_018_A2_0.xlsx,2,The defendant does not want to forward.,The /ERR/defendant/ERR/ does not want to forward.,defendant,2,ST_03|ST_16,1,0,1,low,high,low,high,1,0,1,1_0_1
KOR_A2_0 - Smoking - WE_KOR_SMK0_018_A2_0.xlsx||3,KOR_A2_0 - Smoking - WE_KOR_SMK0_018_A2_0.xlsx,3,The defendant does not want to forward.,The defendant does not want /ERR/to forward/ERR/.,to forward,2,ST_03|ST_16,1,0,0,high,high,high,low,2,0,0,1_0_0
KOR_A2_0 - Smoking - WE_KOR_SMK0_018_A2_0.xlsx||5,KOR_A2_0 - Smoking - WE_KOR_SMK0_018_A2_0.xlsx,5,"So, who wander the streets looking at recreation in the tobacco harm the people around him seems to emit a spooky.","/ERR/So, who wander the streets looking at recreation in the tobacco harm the people around him seems to emit a spooky/ERR/.","So, who wander the streets looking at recreation in the tobacco harm the people around him seems to emit a spooky",2,ST_03|ST_16,0,1,1,high,low,low,high,0,1,1,0_1_1
KOR_A2_0 - Smoking - WE_KOR_SMK0_018_A2_0.xlsx||6,KOR_A2_0 - Smoking - WE_KOR_SMK0_018_A2_0.xlsx,6,That does not mean I did not smoke.,That does not mean /ERR/I did not smoke/ERR/.,I did not smoke,2,ST_03|ST_16,0,1,0,high,low,high,high,0,1,0,0_1_0
KOR_A2_0 - Smoking - WE_KOR_SMK0_018_A2_0.xlsx||7,KOR_A2_0 - Smoking - WE_KOR_SMK0_018_A2_0.xlsx,7,So when I was a student friend in elementary school is seen curiosity.,/ERR/So when I was a student friend in elementary school is seen curiosity/ERR/.,So when I was a student friend in elementary school is seen curiosity,2,ST_03|ST_16,1,1,1,low,high,low,high,1,2,1,1_1_1
KOR_A2_0 - Smoking - WE_KOR_SMK0_018_A2_0.xlsx||8,KOR_A2_0 - Smoking - WE_KOR_SMK0_018_A2_0.xlsx,8,Although it did not directly cigarette stuck to his teacher was right for a very scolding can remember.,/ERR/Although it did not directly cigarette stuck to his teacher was right for a very scolding can remember/ERR/.,Although it did not directly cigarette stuck to his teacher was right for a very scolding can remember,2,ST_03|ST_16,0,1,0,high,high,high,low,0,2,0,0_1_0
KOR_A2_0 - Smoking - WE_KOR_SMK0_018_A2_0.xlsx||9,KOR_A2_0 - Smoking - WE_KOR_SMK0_018_A2_0.xlsx,9,The magazine has a cigarette behind.,/ERR/The magazine has a cigarette behind/ERR/.,The magazine has a cigarette behind,2,ST_03|ST_16,1,1,1,low,low,low,high,1,1,1,1_1_1
KOR_A2_0 - Smoking - WE_KOR_SMK0_018_A2_0.xlsx||10,KOR_A2_0 - Smoking - WE_KOR_SMK0_018_A2_0.xlsx,10,"Puts a cigarette again, it was in the military that was at the time had come.","/ERR/Puts a cigarette again, it was in the military that was at the time had come/ERR/.","Puts a cigarette again, it was in the military that was at the time had come",2,ST_03|ST_16,0,1,0,high,high,high,low,0,2,0,0_1_0
KOR_A2_0 - Smoking - WE_KOR_SMK0_018_A2_0.xlsx||11,KOR_A2_0 - Smoking - WE_KOR_SMK0_018_A2_0.xlsx,11,"At that time, so lonely, I have struggled a lot.","At that time, /ERR/so lonely/ERR/, I have struggled a lot.",so lonely,2,ST_03|ST_16,1,0,0,high,high,high,low,2,0,0,1_0_0
KOR_A2_0 - Smoking - WE_KOR_SMK0_018_A2_0.xlsx||12,KOR_A2_0 - Smoking - WE_KOR_SMK0_018_A2_0.xlsx,12,I was elected to learn from the tobacco.,I was /ERR/elected to learn from the tobacco/ERR/.,elected to learn from the tobacco,2,ST_03|ST_16,0,0,1,high,high,low,high,0,0,1,0_0_1
KOR_A2_0 - Smoking - WE_KOR_SMK0_018_A2_0.xlsx||13,KOR_A2_0 - Smoking - WE_KOR_SMK0_018_A2_0.xlsx,13,"Then, the two being sometimes thought cigarettes were bad times for each.","/ERR/Then, the two being sometimes thought cigarettes were bad times for each/ERR/.","Then, the two being sometimes thought cigarettes were bad times for each",2,ST_03|ST_16,0,1,0,high,high,high,low,0,2,0,0_1_0
KOR_A2_0 - Smoking - WE_KOR_SMK0_018_A2_0.xlsx||14,KOR_A2_0 - Smoking - WE_KOR_SMK0_018_A2_0.xlsx,14,"Stop smoking followed by the conclusion of the army to School at the University, but the smell of smoke when you drink, you were missed.","/ERR/Stop smoking followed by the conclusion of the army to School at the University/ERR/, but the smell of smoke when you drink, you were missed.",Stop smoking followed by the conclusion of the army to School at the University,2,ST_03|ST_16,0,1,1,high,high,low,high,0,2,1,0_1_1
KOR_A2_0 - Smoking - WE_KOR_SMK0_018_A2_0.xlsx||15,KOR_A2_0 - Smoking - WE_KOR_SMK0_018_A2_0.xlsx,15,"Stop smoking followed by the conclusion of the army to School at the University, but the smell of smoke when you drink, you were missed.","Stop smoking followed by the conclusion of the army to School at the University, but /ERR/the smell of smoke when you drink, you were missed/ERR/.","the smell of smoke when you drink, you were missed",2,ST_03|ST_16,0,1,1,high,low,low,high,0,1,1,0_1_1
KOR_A2_0 - Smoking - WE_KOR_SMK0_018_A2_0.xlsx||16,KOR_A2_0 - Smoking - WE_KOR_SMK0_018_A2_0.xlsx,16,"So the bad times, one for each cigarette, but frequently did not think about health.","/ERR/So the bad times, one for each cigarette/ERR/, but frequently did not think about health.","So the bad times, one for each cigarette",2,ST_03|ST_16,0,1,1,high,low,low,high,0,1,1,0_1_1
KOR_A2_0 - Smoking - WE_KOR_SMK0_018_A2_0.xlsx||17,KOR_A2_0 - Smoking - WE_KOR_SMK0_018_A2_0.xlsx,17,"So the bad times, one for each cigarette, but frequently did not think about health.","So the bad times, one for each cigarette, but /ERR/frequently did not think about health/ERR/.",frequently did not think about health,2,ST_03|ST_16,0,0,1,high,high,low,high,0,0,1,0_0_1
KOR_A2_0 - Smoking - WE_KOR_SMK0_018_A2_0.xlsx||20,KOR_A2_0 - Smoking - WE_KOR_SMK0_018_A2_0.xlsx,20,"I do not smoke, my girl, I hope the people who hate tobacco.","I do not smoke, my girl, /ERR/I hope the people who hate tobacco/ERR/.",I hope the people who hate tobacco,2,ST_03|ST_16,0,0,1,high,high,low,high,0,0,1,0_0_1
KOR_A2_0 - Smoking - WE_KOR_SMK0_018_A2_0.xlsx||21,KOR_A2_0 - Smoking - WE_KOR_SMK0_018_A2_0.xlsx,21,Imagine ever being old is a healthy future.,/ERR/Imagine ever being old is a healthy future/ERR/.,Imagine ever being old is a healthy future,2,ST_03|ST_16,0,1,0,high,low,high,high,0,1,0,0_1_0
KOR_A2_0 - Smoking - WE_KOR_SMK0_018_A2_0.xlsx||22,KOR_A2_0 - Smoking - WE_KOR_SMK0_018_A2_0.xlsx,22,Even if cigarette prices rise the more I do not care.,Even if cigarette prices rise /ERR/the more I do not care/ERR/.,the more I do not care,2,ST_03|ST_16,1,0,0,low,high,high,high,1,0,0,1_0_0
KOR_B1_1 - Smoking - WE_KOR_SMK0_003_B1_1.xlsx||1,KOR_B1_1 - Smoking - WE_KOR_SMK0_003_B1_1.xlsx,1,"These days, all building inside is marked non-smoking.","These days, /ERR/all building inside/ERR/ is marked non-smoking.",all building inside,2,ST_09|ST_16,1,1,1,low,low,low,high,1,1,1,1_1_1
KOR_B1_1 - Smoking - WE_KOR_SMK0_003_B1_1.xlsx||2,KOR_B1_1 - Smoking - WE_KOR_SMK0_003_B1_1.xlsx,2,"Also, toilet is non-smoking; you will smoke in the smoking room.","Also, /ERR/toilet is non-smoking/ERR/; you will smoke in the smoking room.",toilet is non-smoking,2,ST_09|ST_16,1,0,0,high,high,high,low,2,0,0,1_0_0
KOR_B1_1 - Smoking - WE_KOR_SMK0_003_B1_1.xlsx||4,KOR_B1_1 - Smoking - WE_KOR_SMK0_003_B1_1.xlsx,4,"Everyone knows, cigarette is bad effect in body.","Everyone knows, cigarette is /ERR/bad effect in body/ERR/.",bad effect in body,2,ST_09|ST_16,1,0,0,low,high,high,high,1,0,0,1_0_0
KOR_B1_1 - Smoking - WE_KOR_SMK0_003_B1_1.xlsx||8,KOR_B1_1 - Smoking - WE_KOR_SMK0_003_B1_1.xlsx,8,Having naphthalene and many chemistry things.,/ERR/Having naphthalene and many chemistry things/ERR/.,Having naphthalene and many chemistry things,2,ST_09|ST_16,1,0,0,high,high,high,low,2,0,0,1_0_0
KOR_B1_1 - Smoking - WE_KOR_SMK0_003_B1_1.xlsx||9,KOR_B1_1 - Smoking - WE_KOR_SMK0_003_B1_1.xlsx,9,"Thus, I am sure that harmful thing for smoker and non-smoker.","Thus, I am sure that /ERR/harmful thing for smoker and non-smoker/ERR/.",harmful thing for smoker and non-smoker,2,ST_09|ST_16,1,0,1,low,high,low,high,1,0,1,1_0_1
KOR_B1_1 - Smoking - WE_KOR_SMK0_003_B1_1.xlsx||10,KOR_B1_1 - Smoking - WE_KOR_SMK0_003_B1_1.xlsx,10,"But, cigarette has worst result in besides non-smoker.","But, cigarette has /ERR/worst result in besides non-smoker/ERR/.",worst result in besides non-smoker,2,ST_09|ST_16,0,1,1,high,low,low,high,0,1,1,0_1_1
KOR_B1_1 - Smoking - WE_KOR_SMK0_003_B1_1.xlsx||11,KOR_B1_1 - Smoking - WE_KOR_SMK0_003_B1_1.xlsx,11,You should not to damage for other people.,You should /ERR/not to damage for other people/ERR/.,not to damage for other people,2,ST_09|ST_16,1,1,0,low,high,high,high,1,2,0,1_1_0
KOR_B1_1 - Smoking - WE_KOR_SMK0_003_B1_1.xlsx||12,KOR_B1_1 - Smoking - WE_KOR_SMK0_003_B1_1.xlsx,12,"Therefore, you should do your action to responsibility","Therefore, you should /ERR/do your action to responsibility/ERR/.",do your action to responsibility,2,ST_09|ST_16,1,1,0,low,low,high,high,1,1,0,1_1_0
KOR_B1_1 - Smoking - WE_KOR_SMK0_003_B1_1.xlsx||13,KOR_B1_1 - Smoking - WE_KOR_SMK0_003_B1_1.xlsx,13,"Second, Smoking room is all building in isolation.","Second, /ERR/Smoking room is all building in isolation/ERR/.",Smoking room is all building in isolation,2,ST_09|ST_16,1,0,1,low,high,low,high,1,0,1,1_0_1
KOR_B1_1 - Smoking - WE_KOR_SMK0_003_B1_1.xlsx||15,KOR_B1_1 - Smoking - WE_KOR_SMK0_003_B1_1.xlsx,15,Smoking room is only smoke in the room.,/ERR/Smoking room is only smoke in the room/ERR/.,Smoking room is only smoke in the room,2,ST_09|ST_16,0,0,1,high,high,high,low,0,0,2,0_0_1
KOR_B1_1 - Smoking - WE_KOR_SMK0_003_B1_1.xlsx||17,KOR_B1_1 - Smoking - WE_KOR_SMK0_003_B1_1.xlsx,17,"For example, all coffee shops have smoking room or other restaurants or PC room have smoking room.","For example, all coffee shops have smoking room or other restaurants or /ERR/PC room/ERR/ have smoking room.",PC room,2,ST_09|ST_16,0,0,1,high,high,low,high,0,0,1,0_0_1
KOR_B1_1 - Smoking - WE_KOR_SMK0_003_B1_1.xlsx||18,KOR_B1_1 - Smoking - WE_KOR_SMK0_003_B1_1.xlsx,18,"So, it is right that you should smoke to smoking room.","So, it is right that you should smoke /ERR/to smoking room/ERR/.",to smoking room,2,ST_09|ST_16,1,0,0,high,high,high,low,2,0,0,1_0_0
KOR_B1_1 - Smoking - WE_KOR_SMK0_003_B1_1.xlsx||19,KOR_B1_1 - Smoking - WE_KOR_SMK0_003_B1_1.xlsx,19,"Finally, cigarette have thing in fire.","Finally, cigarette have /ERR/thing in fire/ERR/.",thing in fire,2,ST_09|ST_16,1,0,1,high,high,low,high,2,0,1,1_0_1
KOR_B1_1 - Smoking - WE_KOR_SMK0_003_B1_1.xlsx||20,KOR_B1_1 - Smoking - WE_KOR_SMK0_003_B1_1.xlsx,20,The lights of cigarette are burn to all building.,The /ERR/lights of cigarette are burn to all building/ERR/.,lights of cigarette are burn to all building,2,ST_09|ST_16,0,1,1,high,low,low,high,0,1,1,0_1_1
KOR_B1_1 - Smoking - WE_KOR_SMK0_003_B1_1.xlsx||21,KOR_B1_1 - Smoking - WE_KOR_SMK0_003_B1_1.xlsx,21,"Actually, sometimes I saw to news content in the lights of cigarette is burn to wood or forest.","Actually, sometimes I /ERR/saw to news content/ERR/ in the lights of cigarette is burn to wood or forest.",saw to news content,2,ST_09|ST_16,1,0,0,low,high,high,high,1,0,0,1_0_0
KOR_B1_1 - Smoking - WE_KOR_SMK0_003_B1_1.xlsx||22,KOR_B1_1 - Smoking - WE_KOR_SMK0_003_B1_1.xlsx,22,"Actually, sometimes I saw to news content in the lights of cigarette is burn to wood or forest.","Actually, sometimes I saw to news content in the /ERR/lights of cigarette is burn to wood or forest/ERR/.",lights of cigarette is burn to wood or forest,2,ST_09|ST_16,1,0,0,high,high,high,low,2,0,0,1_0_0
KOR_B1_1 - Smoking - WE_KOR_SMK0_003_B1_1.xlsx||23,KOR_B1_1 - Smoking - WE_KOR_SMK0_003_B1_1.xlsx,23,I think deserved smoking is banned at all restaurants.,I think /ERR/deserved smoking is banned/ERR/ at all restaurants.,deserved smoking is banned,2,ST_09|ST_16,1,1,1,low,low,low,high,1,1,1,1_1_1
KOR_B1_1 - Smoking - WE_KOR_SMK0_003_B1_1.xlsx||24,KOR_B1_1 - Smoking - WE_KOR_SMK0_003_B1_1.xlsx,24,And I think I banned to smoke at the bus station.,And I think /ERR/I banned to smoke/ERR/ at the bus station.,I banned to smoke,2,ST_09|ST_16,0,0,1,high,high,low,high,0,0,1,0_0_1
KOR_B1_1 - Smoking - WE_KOR_SMK0_008_B1_1.xlsx||1,KOR_B1_1 - Smoking - WE_KOR_SMK0_008_B1_1.xlsx,1,"I do not agree about smoking on campus Nonsmokers are more than smokers in campus So smokers damage to nonsmokers about health And because Smoking is bad for health, for their health, must quit smoking.","I do not agree /ERR/about smoking on campus/ERR/ Nonsmokers are more than smokers in campus So smokers damage to nonsmokers about health And because Smoking is bad for health, for their health, must quit smoking.",about smoking on campus,2,ST_01|ST_02,1,0,0,low,high,high,high,1,0,0,1_0_0
KOR_B1_1 - Smoking - WE_KOR_SMK0_008_B1_1.xlsx||2,KOR_B1_1 - Smoking - WE_KOR_SMK0_008_B1_1.xlsx,2,"I do not agree about smoking on campus Nonsmokers are more than smokers in campus So smokers damage to nonsmokers about health And because Smoking is bad for health, for their health, must quit smoking.","I do not agree about smoking on campus /ERR/Nonsmokers are more than smokers in campus/ERR/ So smokers damage to nonsmokers about health And because Smoking is bad for health, for their health, must quit smoking.",Nonsmokers are more than smokers in campus,2,ST_01|ST_02,1,1,1,low,high,low,high,1,2,1,1_1_1
KOR_B1_1 - Smoking - WE_KOR_SMK0_008_B1_1.xlsx||3,KOR_B1_1 - Smoking - WE_KOR_SMK0_008_B1_1.xlsx,3,"I do not agree about smoking on campus Nonsmokers are more than smokers in campus So smokers damage to nonsmokers about health And because Smoking is bad for health, for their health, must quit smoking.","I do not agree about smoking on campus Nonsmokers are more than smokers in campus So smokers /ERR/damage to nonsmokers about health/ERR/ And because Smoking is bad for health, for their health, must quit smoking.",damage to nonsmokers about health,2,ST_01|ST_02,1,1,0,low,high,high,high,1,2,0,1_1_0
KOR_B1_1 - Smoking - WE_KOR_SMK0_008_B1_1.xlsx||4,KOR_B1_1 - Smoking - WE_KOR_SMK0_008_B1_1.xlsx,4,"I do not agree about smoking on campus Nonsmokers are more than smokers in campus So smokers damage to nonsmokers about health And because Smoking is bad for health, for their health, must quit smoking.","I do not agree about smoking on campus Nonsmokers are more than smokers in campus So smokers damage to nonsmokers about health And because Smoking is bad for health, /ERR/for their health, must quit smoking/ERR/.","for their health, must quit smoking",2,ST_01|ST_02,1,1,0,high,low,high,high,2,1,0,1_1_0
KOR_B1_2 - Smoking - WE_KOR_SMK0_002_B1_2.xlsx||1,KOR_B1_2 - Smoking - WE_KOR_SMK0_002_B1_2.xlsx,1,"January 1, 2008, a month ahead these days, Germany's smokers make depressing.","January 1, 2008, /ERR/a month ahead these days/ERR/, Germany's smokers make depressing.",a month ahead these days,2,ST_13|ST_14,1,1,1,high,high,high,low,2,2,2,1_1_1
KOR_B1_2 - Smoking - WE_KOR_SMK0_002_B1_2.xlsx||2,KOR_B1_2 - Smoking - WE_KOR_SMK0_002_B1_2.xlsx,2,"January 1, 2008, a month ahead these days, Germany's smokers make depressing.","January 1, 2008, a month ahead these days, Germany's smokers /ERR/make depressing/ERR/.",make depressing,2,ST_13|ST_14,1,1,1,high,high,low,high,2,2,1,1_1_1
KOR_B1_2 - Smoking - WE_KOR_SMK0_002_B1_2.xlsx||3,KOR_B1_2 - Smoking - WE_KOR_SMK0_002_B1_2.xlsx,3,"In the meantime, such as a restaurant or bar, smokers smoking naturally, but can, 2008 January 1 is a non-smoker Protection Act this fermentation, the above in place if you smoke, smokers 100 euros, and giving 1, 000 euros sales Meissen.","/ERR/In the meantime, such as a restaurant or bar, smokers smoking naturally, but can/ERR/, 2008 January 1 is a non-smoker Protection Act this fermentation, the above in place if you smoke, smokers 100 euros, and giving 1, 000 euros sales Meissen.","In the meantime, such as a restaurant or bar, smokers smoking naturally, but can",2,ST_13|ST_14,1,1,1,low,high,low,high,1,2,1,1_1_1
KOR_B1_2 - Smoking - WE_KOR_SMK0_002_B1_2.xlsx||4,KOR_B1_2 - Smoking - WE_KOR_SMK0_002_B1_2.xlsx,4,"In the meantime, such as a restaurant or bar, smokers smoking naturally, but can, 2008 January 1 is a non-smoker Protection Act this fermentation, the above in place if you smoke, smokers 100 euros, and giving 1, 000 euros sales Meissen.","In the meantime, such as a restaurant or bar, smokers smoking naturally, but can, /ERR/2008 January 1 is a non-smoker Protection Act this fermentation/ERR/, the above in place if you smoke, smokers 100 euros, and giving 1, 000 euros sales Meissen.",2008 January 1 is a non-smoker Protection Act this fermentation,2,ST_13|ST_14,1,1,1,high,high,high,low,2,2,2,1_1_1
KOR_B1_2 - Smoking - WE_KOR_SMK0_002_B1_2.xlsx||5,KOR_B1_2 - Smoking - WE_KOR_SMK0_002_B1_2.xlsx,5,"In the meantime, such as a restaurant or bar, smokers smoking naturally, but can, 2008 January 1 is a non-smoker Protection Act this fermentation, the above in place if you smoke, smokers 100 euros, and giving 1, 000 euros sales Meissen.","In the meantime, such as a restaurant or bar, smokers smoking naturally, but can, 2008 January 1 is a non-smoker Protection Act this fermentation, /ERR/the above in place if you smoke/ERR/, smokers 100 euros, and giving 1, 000 euros sales Meissen.",the above in place if you smoke,2,ST_13|ST_14,1,1,1,high,low,low,high,2,1,1,1_1_1
KOR_B1_2 - Smoking - WE_KOR_SMK0_002_B1_2.xlsx||6,KOR_B1_2 - Smoking - WE_KOR_SMK0_002_B1_2.xlsx,6,"In the meantime, such as a restaurant or bar, smokers smoking naturally, but can, 2008 January 1 is a non-smoker Protection Act this fermentation, the above in place if you smoke, smokers 100 euros, and giving 1, 000 euros sales Meissen.","In the meantime, such as a restaurant or bar, smokers smoking naturally, but can, 2008 January 1 is a non-smoker Protection Act this fermentation, the above in place if you smoke, smokers 100 euros, and /ERR/giving 1, 000 euros sales Meissen/ERR/.","giving 1, 000 euros sales Meissen",2,ST_13|ST_14,1,1,1,low,high,high,high,1,2,2,1_1_1
KOR_B1_2 - Smoking - WE_KOR_SMK0_002_B1_2.xlsx||7,KOR_B1_2 - Smoking - WE_KOR_SMK0_002_B1_2.xlsx,7,"Smokers looked previously and inconvenience of restaurants and bars of guests through reduced, opening day even tracks sales at a loss, however, and restaurant or bar, and a separate smoking space to create and operate their case, where smoking is legitimate.","/ERR/Smokers looked previously and inconvenience of restaurants and bars of guests through reduced/ERR/, opening day even tracks sales at a loss, however, and restaurant or bar, and a separate smoking space to create and operate their case, where smoking is legitimate.",Smokers looked previously and inconvenience of restaurants and bars of guests through reduced,2,ST_13|ST_14,1,1,1,high,high,low,high,2,2,1,1_1_1
KOR_B1_2 - Smoking - WE_KOR_SMK0_002_B1_2.xlsx||8,KOR_B1_2 - Smoking - WE_KOR_SMK0_002_B1_2.xlsx,8,"Smokers looked previously and inconvenience of restaurants and bars of guests through reduced, opening day even tracks sales at a loss, however, and restaurant or bar, and a separate smoking space to create and operate their case, where smoking is legitimate.","Smokers looked previously and inconvenience of restaurants and bars of guests through reduced, /ERR/opening day even tracks sales at a loss/ERR/, however, and restaurant or bar, and a separate smoking space to create and operate their case, where smoking is legitimate.",opening day even tracks sales at a loss,2,ST_13|ST_14,1,1,1,high,high,high,low,2,2,2,1_1_1
KOR_B1_2 - Smoking - WE_KOR_SMK0_002_B1_2.xlsx||9,KOR_B1_2 - Smoking - WE_KOR_SMK0_002_B1_2.xlsx,9,"Smokers looked previously and inconvenience of restaurants and bars of guests through reduced, opening day even tracks sales at a loss, however, and restaurant or bar, and a separate smoking space to create and operate their case, where smoking is legitimate.","Smokers looked previously and inconvenience of restaurants and bars of guests through reduced, opening day even tracks sales at a loss, however, and restaurant or bar, and /ERR/a separate smoking space to create and operate their case/ERR/, where smoking is legitimate.",a separate smoking space to create and operate their case,2,ST_13|ST_14,1,1,1,high,low,high,high,2,1,2,1_1_1
KOR_B1_2 - Smoking - WE_KOR_SMK0_002_B1_2.xlsx||10,KOR_B1_2 - Smoking - WE_KOR_SMK0_002_B1_2.xlsx,10,"As a result, small business chapter wool award will invariably have just been deleted.","/ERR/As a result, small business chapter wool award will invariably have just been deleted/ERR/.","As a result, small business chapter wool award will invariably have just been deleted",2,ST_13|ST_14,1,1,1,high,high,high,low,2,2,2,1_1_1
KOR_B1_2 - Smoking - WE_KOR_SMK0_002_B1_2.xlsx||11,KOR_B1_2 - Smoking - WE_KOR_SMK0_002_B1_2.xlsx,11,"Eonjebuteonga smokers for tolerance in our society landless, care for smokers (?) seems to be getting the space to be reduced.","/ERR/Eonjebuteonga smokers for tolerance in our society landless, care for smokers (?) seems to be getting the space to be reduced/ERR/.","Eonjebuteonga smokers for tolerance in our society landless, care for smokers (?) seems to be getting the space to be reduced",2,ST_13|ST_14,1,1,1,high,high,high,low,2,2,2,1_1_1
KOR_B1_2 - Smoking - WE_KOR_SMK0_002_B1_2.xlsx||12,KOR_B1_2 - Smoking - WE_KOR_SMK0_002_B1_2.xlsx,12,"Non-smoking measures national health promoting health reason, but the European Union (EU) are eager to join to represent an already non-smoking measures taken by the other EU countries and policy coordination, it also means that it is strong.","/ERR/Non-smoking measures national health promoting health reason/ERR/, but the European Union (EU) are eager to join to represent an already non-smoking measures taken by the other EU countries and policy coordination, it also means that it is strong.",Non-smoking measures national health promoting health reason,2,ST_13|ST_14,1,1,1,high,high,low,high,2,2,1,1_1_1
KOR_B1_2 - Smoking - WE_KOR_SMK0_002_B1_2.xlsx||13,KOR_B1_2 - Smoking - WE_KOR_SMK0_002_B1_2.xlsx,13,"Non-smoking measures national health promoting health reason, but the European Union (EU) are eager to join to represent an already non-smoking measures taken by the other EU countries and policy coordination, it also means that it is strong.","Non-smoking measures national health promoting health reason, but /ERR/the European Union (EU) are eager to join to represent an already non-smoking measures taken by the other EU countries and policy coordination/ERR/, it also means that it is strong.",the European Union (EU) are eager to join to represent an already non-smoking measures taken by the other EU countries and policy coordination,2,ST_13|ST_14,1,1,1,high,low,high,high,2,1,2,1_1_1
KOR_B1_2 - Smoking - WE_KOR_SMK0_002_B1_2.xlsx||14,KOR_B1_2 - Smoking - WE_KOR_SMK0_002_B1_2.xlsx,14,"The overall opinion is non-smoking measures to support, but some people will resist.","The overall opinion is /ERR/non-smoking measures to support/ERR/, but some people will resist.",non-smoking measures to support,2,ST_13|ST_14,1,1,1,high,high,low,high,2,2,1,1_1_1
KOR_B1_2 - Smoking - WE_KOR_SMK0_002_B1_2.xlsx||15,KOR_B1_2 - Smoking - WE_KOR_SMK0_002_B1_2.xlsx,15,"Southwestern Turkey early this month, and the restaurant serves guests of cigarette turn saying the owner was shot and killed.","/ERR/Southwestern Turkey early this month/ERR/, and the restaurant serves guests of cigarette turn saying the owner was shot and killed.",Southwestern Turkey early this month,2,ST_13|ST_14,1,1,1,high,high,high,low,2,2,2,1_1_1
KOR_B1_2 - Smoking - WE_KOR_SMK0_002_B1_2.xlsx||16,KOR_B1_2 - Smoking - WE_KOR_SMK0_002_B1_2.xlsx,16,"Southwestern Turkey early this month, and the restaurant serves guests of cigarette turn saying the owner was shot and killed.","Southwestern Turkey early this month, and /ERR/the restaurant serves guests of cigarette turn saying the owner was shot and killed/ERR/.",the restaurant serves guests of cigarette turn saying the owner was shot and killed,2,ST_13|ST_14,1,1,1,high,low,high,high,2,1,2,1_1_1
KOR_B1_2 - Smoking - WE_KOR_SMK0_002_B1_2.xlsx||17,KOR_B1_2 - Smoking - WE_KOR_SMK0_002_B1_2.xlsx,17,"18, protest government emerging from difficult coffee shop and restaurant owners are more difficult for accused with non-smoking measures have serious repercussions on the ruling party following elections would not take the threat of Iran has been released.","/ERR/18, protest government emerging from difficult coffee shop and restaurant owners are more difficult for accused with non-smoking measures have serious repercussions on the ruling party following elections would not take the threat of Iran has been released/ERR/.","18, protest government emerging from difficult coffee shop and restaurant owners are more difficult for accused with non-smoking measures have serious repercussions on the ruling party following elections would not take the threat of Iran has been released",2,ST_13|ST_14,1,1,1,high,low,high,high,2,1,2,1_1_1
KOR_B1_2 - Smoking - WE_KOR_SMK0_002_B1_2.xlsx||18,KOR_B1_2 - Smoking - WE_KOR_SMK0_002_B1_2.xlsx,18,"Unintentional restaurant or at the bar was held the tobacco in the fire, as well as opening day let damage because it can.","/ERR/Unintentional restaurant or at the bar was held the tobacco in the fire/ERR/, as well as opening day let damage because it can.",Unintentional restaurant or at the bar was held the tobacco in the fire,2,ST_13|ST_14,1,1,1,high,low,high,high,2,1,2,1_1_1
KOR_B1_2 - Smoking - WE_KOR_SMK0_002_B1_2.xlsx||19,KOR_B1_2 - Smoking - WE_KOR_SMK0_002_B1_2.xlsx,19,"Unintentional restaurant or at the bar was held the tobacco in the fire, as well as opening day let damage because it can.","Unintentional restaurant or at the bar was held the tobacco in the fire, as well as /ERR/opening day let damage because it can/ERR/.",opening day let damage because it can,2,ST_13|ST_14,1,1,1,high,high,low,high,2,2,1,1_1_1
KOR_B1_2 - Smoking - WE_KOR_SMK0_002_B1_2.xlsx||20,KOR_B1_2 - Smoking - WE_KOR_SMK0_002_B1_2.xlsx,20,Hundred years called smoking futile.,/ERR/Hundred years called smoking futile/ERR/.,Hundred years called smoking futile,2,ST_13|ST_14,1,1,1,low,low,high,high,1,1,2,1_1_1
KOR_B1_2 - Smoking - WE_KOR_SMK0_002_B1_2.xlsx||21,KOR_B1_2 - Smoking - WE_KOR_SMK0_002_B1_2.xlsx,21,It is now up to place tobacco Phil seems to be getting bursts.,/ERR/It is now up to place tobacco Phil seems to be getting bursts/ERR/.,It is now up to place tobacco Phil seems to be getting bursts,2,ST_13|ST_14,1,1,1,high,low,high,high,2,1,2,1_1_1
